-- phpMyAdmin SQL Dump
-- version 4.8.5
-- https://www.phpmyadmin.net/
--
-- Host: 127.0.0.1
-- Generation Time: May 28, 2019 at 06:38 PM
-- Server version: 10.1.38-MariaDB
-- PHP Version: 7.3.2

SET SQL_MODE = "NO_AUTO_VALUE_ON_ZERO";
SET AUTOCOMMIT = 0;
START TRANSACTION;
SET time_zone = "+00:00";


/*!40101 SET @OLD_CHARACTER_SET_CLIENT=@@CHARACTER_SET_CLIENT */;
/*!40101 SET @OLD_CHARACTER_SET_RESULTS=@@CHARACTER_SET_RESULTS */;
/*!40101 SET @OLD_COLLATION_CONNECTION=@@COLLATION_CONNECTION */;
/*!40101 SET NAMES utf8mb4 */;

--
-- Database: `recreation`
--

-- --------------------------------------------------------

--
-- Table structure for table `chat_message`
--

CREATE TABLE `chat_message` (
  `chat_message_id` int(11) NOT NULL,
  `to_user_id` int(11) NOT NULL,
  `from_user_id` int(11) NOT NULL,
  `chat_message` mediumtext COLLATE utf8mb4_bin NOT NULL,
  `timestamp` timestamp NOT NULL DEFAULT CURRENT_TIMESTAMP,
  `notification` int(1) NOT NULL,
  `status` int(1) NOT NULL
) ENGINE=InnoDB DEFAULT CHARSET=utf8mb4 COLLATE=utf8mb4_bin;

--
-- Dumping data for table `chat_message`
--

INSERT INTO `chat_message` (`chat_message_id`, `to_user_id`, `from_user_id`, `chat_message`, `timestamp`, `notification`, `status`) VALUES
(1, 4, 3, 'Good morning!', '2019-05-28 01:20:03', 0, 0),
(2, 3, 4, 'Morning too!', '2019-05-28 01:20:40', 0, 0),
(3, 4, 3, '😄😄', '2019-05-28 01:20:54', 0, 0),
(4, 4, 3, 'Hello!', '2019-05-28 05:03:01', 0, 0),
(5, 4, 3, 'fsefef', '2019-05-28 05:05:52', 0, 0);

-- --------------------------------------------------------

--
-- Table structure for table `damage_category`
--

CREATE TABLE `damage_category` (
  `dam_cat_id` int(11) NOT NULL,
  `dam_cat_date` datetime NOT NULL,
  `done_cat_date` datetime NOT NULL,
  `done_cat_price` double NOT NULL,
  `fac_id` int(11) NOT NULL
) ENGINE=InnoDB DEFAULT CHARSET=latin1;

--
-- Dumping data for table `damage_category`
--

INSERT INTO `damage_category` (`dam_cat_id`, `dam_cat_date`, `done_cat_date`, `done_cat_price`, `fac_id`) VALUES
(1, '2018-05-27 06:00:00', '2018-05-27 06:01:00', 100, 3),
(2, '2018-05-27 00:00:00', '2018-05-27 06:01:00', 200, 4),
(3, '2018-05-27 06:02:00', '2018-05-27 06:06:00', 45, 3),
(4, '2018-05-27 06:02:00', '2018-05-27 06:06:00', 20, 3),
(5, '2018-06-27 00:00:00', '2018-06-27 06:07:00', 400, 5),
(6, '2018-06-27 06:08:00', '2018-06-27 06:09:00', 60, 1),
(7, '2018-06-27 06:08:00', '2018-06-27 06:09:00', 55, 1),
(8, '2018-06-27 06:08:00', '2018-06-27 06:09:00', 50, 1),
(9, '2018-07-27 00:00:00', '2018-07-27 06:10:00', 120, 6),
(10, '2018-07-27 06:10:00', '2018-07-27 06:11:00', 100, 2),
(11, '2018-07-27 06:10:00', '2018-07-27 06:11:00', 120, 2),
(12, '2018-07-27 06:10:00', '2018-07-27 06:12:00', 80, 2),
(13, '2018-08-27 00:00:00', '2018-08-27 06:15:00', 210, 7),
(14, '2018-08-27 06:15:00', '2018-08-27 06:16:00', 80, 3),
(15, '2018-08-27 06:15:00', '2018-08-27 06:16:00', 150, 3),
(16, '2018-08-27 06:15:00', '2018-08-27 06:16:00', 100, 3),
(17, '2018-09-27 06:17:00', '2018-09-27 06:18:00', 210, 1),
(18, '2018-09-27 06:17:00', '2018-09-27 06:19:00', 200, 1),
(19, '2018-09-27 06:17:00', '2018-09-27 06:19:00', 145, 1),
(20, '2018-09-27 00:00:00', '2018-09-27 06:20:00', 200, 8),
(21, '2018-10-27 00:00:00', '2018-10-27 06:21:00', 130, 9),
(22, '2018-10-27 06:22:00', '2018-10-27 06:23:00', 180, 2),
(23, '2018-10-27 06:22:00', '2018-10-27 06:23:00', 130, 2),
(24, '2018-10-27 06:22:00', '2018-10-27 06:24:00', 90, 2),
(25, '2018-11-27 06:25:00', '2018-11-27 06:26:00', 60, 3),
(26, '2018-11-27 06:26:00', '2018-11-27 06:27:00', 40, 3),
(27, '2018-11-27 06:26:00', '2018-11-27 06:27:00', 80, 3),
(28, '2018-11-27 00:00:00', '2018-11-27 06:27:00', 100, 4),
(29, '2018-11-27 00:00:00', '2018-11-27 06:27:00', 100, 5),
(30, '2018-12-27 06:28:00', '2018-12-27 06:29:00', 60, 3),
(31, '2018-12-27 06:28:00', '2018-12-27 06:29:00', 80, 3),
(32, '2018-12-27 06:28:00', '2018-12-27 06:29:00', 70, 3),
(33, '2018-12-27 00:00:00', '2018-12-27 06:30:00', 120, 6),
(34, '2019-01-27 06:31:00', '2019-01-27 06:32:00', 30, 1),
(35, '2019-01-27 06:31:00', '2019-01-27 06:32:00', 25, 1),
(36, '2019-01-27 06:31:00', '2019-01-27 06:32:00', 25, 1),
(37, '2019-01-27 00:00:00', '2019-01-27 06:33:00', 50, 7),
(38, '2019-01-27 06:34:00', '2019-01-27 06:35:00', 20, 1),
(39, '2019-02-27 00:00:00', '2019-02-27 06:37:00', 60, 8),
(40, '2019-02-27 06:37:00', '2019-02-27 06:38:00', 30, 1),
(41, '2019-02-27 06:37:00', '2019-02-27 06:38:00', 30, 1),
(42, '2019-02-27 06:37:00', '2019-02-27 06:38:00', 30, 1),
(43, '2019-03-27 00:00:00', '2019-03-27 06:41:00', 200, 8),
(44, '2019-03-27 06:41:00', '2019-03-27 06:42:00', 10, 2),
(45, '2019-03-27 06:41:00', '2019-03-27 06:42:00', 15, 2),
(46, '2019-03-27 06:41:00', '2019-03-27 06:42:00', 15, 2),
(47, '2019-03-27 00:00:00', '2019-03-27 06:43:00', 130, 9),
(48, '2019-04-27 00:00:00', '2019-04-27 06:45:00', 60, 9),
(49, '2019-04-27 06:45:00', '2019-04-27 06:46:00', 20, 2),
(50, '2019-04-27 06:45:00', '2019-04-27 06:46:00', 20, 2),
(51, '2019-04-27 06:45:00', '2019-04-27 06:46:00', 20, 2),
(52, '2019-04-27 06:50:00', '2019-04-27 06:51:00', 150, 2),
(53, '2019-05-27 00:00:00', '2019-05-28 06:59:00', 200, 9),
(54, '2019-05-28 06:59:00', '2019-05-28 07:00:00', 60, 3),
(55, '2019-05-28 12:41:00', '2019-05-28 12:49:00', 90, 3),
(56, '2019-05-28 00:00:00', '2019-05-28 12:53:00', 100, 4);

-- --------------------------------------------------------

--
-- Table structure for table `damage_electric`
--

CREATE TABLE `damage_electric` (
  `dam_elc_id` int(11) NOT NULL,
  `dam_elc_canopy` int(11) NOT NULL,
  `dam_status_canopy` int(11) NOT NULL,
  `done_date_canopy` datetime NOT NULL,
  `done_price_canopy` double NOT NULL,
  `dam_elc_pole` int(11) NOT NULL,
  `dam_status_pole` int(11) NOT NULL,
  `done_date_pole` datetime NOT NULL,
  `done_price_pole` double NOT NULL,
  `dam_elc_seat` int(11) NOT NULL,
  `dam_status_seat` int(11) NOT NULL,
  `done_date_seat` datetime NOT NULL,
  `done_price_seat` double NOT NULL,
  `dam_elc_motor` int(11) NOT NULL,
  `dam_status_motor` int(11) NOT NULL,
  `done_date_motor` datetime NOT NULL,
  `done_price_motor` double NOT NULL,
  `dam_elc_crack` int(11) NOT NULL,
  `dam_status_crack` int(11) NOT NULL,
  `done_date_crack` datetime NOT NULL,
  `done_price_crack` double NOT NULL,
  `dam_elc_leak` int(11) NOT NULL,
  `dam_status_leak` int(11) NOT NULL,
  `done_date_leak` datetime NOT NULL,
  `done_price_leak` double NOT NULL,
  `dam_elc_date` datetime NOT NULL,
  `rep_elc_status` int(11) NOT NULL,
  `rep_elc_date` datetime NOT NULL,
  `done_elc_price` double NOT NULL,
  `done_elc_date` datetime NOT NULL,
  `done_elc_status` int(11) NOT NULL,
  `new_id` int(11) NOT NULL
) ENGINE=InnoDB DEFAULT CHARSET=latin1;

--
-- Dumping data for table `damage_electric`
--

INSERT INTO `damage_electric` (`dam_elc_id`, `dam_elc_canopy`, `dam_status_canopy`, `done_date_canopy`, `done_price_canopy`, `dam_elc_pole`, `dam_status_pole`, `done_date_pole`, `done_price_pole`, `dam_elc_seat`, `dam_status_seat`, `done_date_seat`, `done_price_seat`, `dam_elc_motor`, `dam_status_motor`, `done_date_motor`, `done_price_motor`, `dam_elc_crack`, `dam_status_crack`, `done_date_crack`, `done_price_crack`, `dam_elc_leak`, `dam_status_leak`, `done_date_leak`, `done_price_leak`, `dam_elc_date`, `rep_elc_status`, `rep_elc_date`, `done_elc_price`, `done_elc_date`, `done_elc_status`, `new_id`) VALUES
(1, 1, 0, '2018-07-27 06:11:00', 50, 0, 0, '0000-00-00 00:00:00', 0, 0, 0, '0000-00-00 00:00:00', 0, 0, 0, '0000-00-00 00:00:00', 0, 1, 0, '2018-07-27 06:11:00', 50, 0, 0, '0000-00-00 00:00:00', 0, '2018-07-27 06:10:00', 0, '2018-07-27 00:00:00', 100, '2018-07-27 06:11:00', 1, 11),
(2, 0, 0, '0000-00-00 00:00:00', 0, 1, 0, '2018-07-27 06:11:00', 20, 0, 0, '0000-00-00 00:00:00', 0, 1, 0, '2018-07-27 06:11:00', 100, 0, 0, '0000-00-00 00:00:00', 0, 0, 0, '0000-00-00 00:00:00', 0, '2018-07-27 06:10:00', 0, '2018-07-27 00:00:00', 120, '2018-07-27 06:11:00', 1, 12),
(3, 0, 0, '0000-00-00 00:00:00', 0, 0, 0, '0000-00-00 00:00:00', 0, 1, 0, '2018-07-27 06:12:00', 60, 0, 0, '0000-00-00 00:00:00', 0, 0, 0, '0000-00-00 00:00:00', 0, 1, 0, '2018-07-27 06:12:00', 20, '2018-07-27 06:10:00', 0, '2018-07-27 00:00:00', 80, '2018-07-27 06:12:00', 1, 13),
(4, 1, 0, '2018-10-27 06:23:00', 60, 0, 0, '0000-00-00 00:00:00', 0, 0, 0, '0000-00-00 00:00:00', 0, 1, 0, '2018-10-27 06:23:00', 120, 0, 0, '0000-00-00 00:00:00', 0, 0, 0, '0000-00-00 00:00:00', 0, '2018-10-27 06:22:00', 0, '2018-10-27 00:00:00', 180, '2018-10-27 06:23:00', 1, 11),
(5, 0, 0, '0000-00-00 00:00:00', 0, 1, 0, '2018-10-27 06:23:00', 30, 0, 0, '0000-00-00 00:00:00', 0, 0, 0, '0000-00-00 00:00:00', 0, 1, 0, '2018-10-27 06:23:00', 100, 0, 0, '0000-00-00 00:00:00', 0, '2018-10-27 06:22:00', 0, '2018-10-27 00:00:00', 130, '2018-10-27 06:23:00', 1, 12),
(6, 0, 0, '0000-00-00 00:00:00', 0, 0, 0, '0000-00-00 00:00:00', 0, 1, 0, '2018-10-27 06:24:00', 20, 0, 0, '0000-00-00 00:00:00', 0, 0, 0, '0000-00-00 00:00:00', 0, 1, 0, '2018-10-27 06:24:00', 70, '2018-10-27 06:22:00', 0, '2018-10-27 00:00:00', 90, '2018-10-27 06:24:00', 1, 13),
(7, 1, 0, '2019-03-27 06:42:00', 10, 0, 0, '0000-00-00 00:00:00', 0, 0, 0, '0000-00-00 00:00:00', 0, 0, 0, '0000-00-00 00:00:00', 0, 0, 0, '0000-00-00 00:00:00', 0, 0, 0, '0000-00-00 00:00:00', 0, '2019-03-27 06:41:00', 0, '2019-03-27 00:00:00', 10, '2019-03-27 06:42:00', 1, 11),
(8, 0, 0, '0000-00-00 00:00:00', 0, 1, 0, '2019-03-27 06:42:00', 15, 0, 0, '0000-00-00 00:00:00', 0, 0, 0, '0000-00-00 00:00:00', 0, 0, 0, '0000-00-00 00:00:00', 0, 0, 0, '0000-00-00 00:00:00', 0, '2019-03-27 06:41:00', 0, '2019-03-27 00:00:00', 15, '2019-03-27 06:42:00', 1, 12),
(9, 0, 0, '0000-00-00 00:00:00', 0, 0, 0, '0000-00-00 00:00:00', 0, 1, 0, '2019-03-27 06:42:00', 15, 0, 0, '0000-00-00 00:00:00', 0, 0, 0, '0000-00-00 00:00:00', 0, 0, 0, '0000-00-00 00:00:00', 0, '2019-03-27 06:41:00', 0, '2019-03-27 00:00:00', 15, '2019-03-27 06:42:00', 1, 13),
(10, 0, 0, '0000-00-00 00:00:00', 0, 0, 0, '0000-00-00 00:00:00', 0, 0, 0, '0000-00-00 00:00:00', 0, 1, 0, '2019-04-27 06:46:00', 20, 0, 0, '0000-00-00 00:00:00', 0, 0, 0, '0000-00-00 00:00:00', 0, '2019-04-27 06:45:00', 0, '2019-04-27 00:00:00', 20, '2019-04-27 06:46:00', 1, 13),
(11, 0, 0, '0000-00-00 00:00:00', 0, 0, 0, '0000-00-00 00:00:00', 0, 0, 0, '0000-00-00 00:00:00', 0, 0, 0, '0000-00-00 00:00:00', 0, 1, 0, '2019-04-27 06:46:00', 20, 0, 0, '0000-00-00 00:00:00', 0, '2019-04-27 06:45:00', 0, '2019-04-27 00:00:00', 20, '2019-04-27 06:46:00', 1, 12),
(12, 0, 0, '0000-00-00 00:00:00', 0, 0, 0, '0000-00-00 00:00:00', 0, 0, 0, '0000-00-00 00:00:00', 0, 0, 0, '0000-00-00 00:00:00', 0, 0, 0, '0000-00-00 00:00:00', 0, 1, 0, '2019-04-27 06:46:00', 20, '2019-04-27 06:45:00', 0, '2019-04-27 00:00:00', 20, '2019-04-27 06:46:00', 1, 11),
(13, 1, 0, '2019-04-27 06:50:00', 20, 1, 0, '2019-04-27 06:51:00', 30, 1, 0, '2019-04-27 06:50:00', 20, 1, 0, '2019-04-27 06:51:00', 30, 1, 0, '2019-04-27 06:50:00', 20, 1, 0, '2019-04-27 06:51:00', 30, '2019-04-27 06:50:00', 0, '2019-04-27 00:00:00', 150, '2019-04-27 06:51:00', 1, 11);

-- --------------------------------------------------------

--
-- Table structure for table `damage_kayak`
--

CREATE TABLE `damage_kayak` (
  `dam_kyk_id` int(11) NOT NULL,
  `dam_kyk_blade` int(11) NOT NULL,
  `dam_status_blade` int(11) NOT NULL,
  `done_date_blade` datetime NOT NULL,
  `done_price_blade` double NOT NULL,
  `dam_kyk_seat` int(11) NOT NULL,
  `dam_status_seat` int(11) NOT NULL,
  `done_date_seat` datetime NOT NULL,
  `done_price_seat` double NOT NULL,
  `dam_kyk_hatch` int(11) NOT NULL,
  `dam_status_hatch` int(11) NOT NULL,
  `done_date_hatch` datetime NOT NULL,
  `done_price_hatch` double NOT NULL,
  `dam_kyk_crack` int(11) NOT NULL,
  `dam_status_crack` int(11) NOT NULL,
  `done_date_crack` datetime NOT NULL,
  `done_price_crack` double NOT NULL,
  `dam_kyk_leak` int(11) NOT NULL,
  `dam_status_leak` int(11) NOT NULL,
  `done_date_leak` datetime NOT NULL,
  `done_price_leak` double NOT NULL,
  `dam_kyk_date` datetime NOT NULL,
  `rep_kyk_status` int(11) NOT NULL,
  `rep_kyk_date` datetime NOT NULL,
  `done_kyk_price` double NOT NULL,
  `done_kyk_date` datetime NOT NULL,
  `done_kyk_status` int(11) NOT NULL,
  `new_id` int(11) NOT NULL
) ENGINE=InnoDB DEFAULT CHARSET=latin1;

--
-- Dumping data for table `damage_kayak`
--

INSERT INTO `damage_kayak` (`dam_kyk_id`, `dam_kyk_blade`, `dam_status_blade`, `done_date_blade`, `done_price_blade`, `dam_kyk_seat`, `dam_status_seat`, `done_date_seat`, `done_price_seat`, `dam_kyk_hatch`, `dam_status_hatch`, `done_date_hatch`, `done_price_hatch`, `dam_kyk_crack`, `dam_status_crack`, `done_date_crack`, `done_price_crack`, `dam_kyk_leak`, `dam_status_leak`, `done_date_leak`, `done_price_leak`, `dam_kyk_date`, `rep_kyk_status`, `rep_kyk_date`, `done_kyk_price`, `done_kyk_date`, `done_kyk_status`, `new_id`) VALUES
(1, 1, 0, '2018-05-27 06:01:00', 20, 1, 0, '2018-05-27 06:01:00', 20, 1, 0, '2018-05-27 06:01:00', 20, 1, 0, '2018-05-27 06:01:00', 20, 1, 0, '2018-05-27 06:01:00', 20, '2018-05-27 06:00:00', 0, '2018-05-27 00:00:00', 100, '2018-05-27 06:01:00', 1, 15),
(2, 1, 0, '2018-05-27 06:06:00', 15, 0, 0, '0000-00-00 00:00:00', 0, 1, 0, '2018-05-27 06:06:00', 15, 0, 0, '0000-00-00 00:00:00', 0, 1, 0, '2018-05-27 06:06:00', 15, '2018-05-27 06:02:00', 0, '2018-05-27 00:00:00', 45, '2018-05-27 06:06:00', 1, 16),
(3, 0, 0, '0000-00-00 00:00:00', 0, 1, 0, '2018-05-27 06:06:00', 10, 0, 0, '0000-00-00 00:00:00', 0, 1, 0, '2018-05-27 06:06:00', 10, 0, 0, '0000-00-00 00:00:00', 0, '2018-05-27 06:02:00', 0, '2018-05-27 00:00:00', 20, '2018-05-27 06:06:00', 1, 17),
(4, 1, 0, '2018-08-27 06:16:00', 40, 0, 0, '0000-00-00 00:00:00', 0, 0, 0, '0000-00-00 00:00:00', 0, 0, 0, '0000-00-00 00:00:00', 0, 1, 0, '2018-08-27 06:16:00', 40, '2018-08-27 06:15:00', 0, '2018-08-27 00:00:00', 80, '2018-08-27 06:16:00', 1, 15),
(5, 0, 0, '0000-00-00 00:00:00', 0, 1, 0, '2018-08-27 06:16:00', 50, 0, 0, '0000-00-00 00:00:00', 0, 1, 0, '2018-08-27 06:16:00', 100, 0, 0, '0000-00-00 00:00:00', 0, '2018-08-27 06:15:00', 0, '2018-08-27 00:00:00', 150, '2018-08-27 06:16:00', 1, 16),
(6, 0, 0, '0000-00-00 00:00:00', 0, 0, 0, '0000-00-00 00:00:00', 0, 1, 0, '2018-08-27 06:16:00', 100, 0, 0, '0000-00-00 00:00:00', 0, 0, 0, '0000-00-00 00:00:00', 0, '2018-08-27 06:15:00', 0, '2018-08-27 00:00:00', 100, '2018-08-27 06:16:00', 1, 17),
(7, 1, 0, '2018-11-27 06:26:00', 60, 0, 0, '0000-00-00 00:00:00', 0, 0, 0, '0000-00-00 00:00:00', 0, 0, 0, '0000-00-00 00:00:00', 0, 0, 0, '0000-00-00 00:00:00', 0, '2018-11-27 06:25:00', 0, '2018-11-27 00:00:00', 60, '2018-11-27 06:26:00', 1, 15),
(8, 0, 0, '0000-00-00 00:00:00', 0, 1, 0, '2018-11-27 06:27:00', 40, 0, 0, '0000-00-00 00:00:00', 0, 0, 0, '0000-00-00 00:00:00', 0, 0, 0, '0000-00-00 00:00:00', 0, '2018-11-27 06:26:00', 0, '2018-11-27 00:00:00', 40, '2018-11-27 06:27:00', 1, 16),
(9, 0, 0, '0000-00-00 00:00:00', 0, 0, 0, '0000-00-00 00:00:00', 0, 1, 0, '2018-11-27 06:27:00', 80, 0, 0, '0000-00-00 00:00:00', 0, 0, 0, '0000-00-00 00:00:00', 0, '2018-11-27 06:26:00', 0, '2018-11-27 00:00:00', 80, '2018-11-27 06:27:00', 1, 17),
(10, 0, 0, '0000-00-00 00:00:00', 0, 0, 0, '0000-00-00 00:00:00', 0, 1, 0, '2018-12-27 06:29:00', 60, 0, 0, '0000-00-00 00:00:00', 0, 0, 0, '0000-00-00 00:00:00', 0, '2018-12-27 06:28:00', 0, '2018-12-27 00:00:00', 60, '2018-12-27 06:29:00', 1, 17),
(11, 0, 0, '0000-00-00 00:00:00', 0, 0, 0, '0000-00-00 00:00:00', 0, 0, 0, '0000-00-00 00:00:00', 0, 1, 0, '2018-12-27 06:29:00', 80, 0, 0, '0000-00-00 00:00:00', 0, '2018-12-27 06:28:00', 0, '2018-12-27 00:00:00', 80, '2018-12-27 06:29:00', 1, 15),
(12, 0, 0, '0000-00-00 00:00:00', 0, 0, 0, '0000-00-00 00:00:00', 0, 0, 0, '0000-00-00 00:00:00', 0, 0, 0, '0000-00-00 00:00:00', 0, 1, 0, '2018-12-27 06:29:00', 70, '2018-12-27 06:28:00', 0, '2018-12-27 00:00:00', 70, '2018-12-27 06:29:00', 1, 16),
(14, 1, 0, '2019-05-28 06:59:00', 20, 0, 0, '0000-00-00 00:00:00', 0, 1, 0, '2019-05-28 07:00:00', 20, 0, 0, '0000-00-00 00:00:00', 0, 1, 0, '2019-05-28 06:59:00', 20, '2019-05-28 06:59:00', 0, '2019-05-28 00:00:00', 60, '2019-05-28 07:00:00', 1, 15),
(15, 1, 0, '2019-05-28 12:44:00', 50, 0, 0, '0000-00-00 00:00:00', 0, 1, 0, '2019-05-28 12:49:00', 20, 0, 0, '0000-00-00 00:00:00', 0, 1, 0, '2019-05-28 12:49:00', 20, '2019-05-28 12:41:00', 0, '2019-05-28 00:00:00', 90, '2019-05-28 12:49:00', 1, 15),
(16, 1, 1, '0000-00-00 00:00:00', 0, 1, 1, '0000-00-00 00:00:00', 0, 1, 1, '0000-00-00 00:00:00', 0, 1, 1, '0000-00-00 00:00:00', 0, 1, 1, '0000-00-00 00:00:00', 0, '2019-05-28 12:41:00', 1, '2019-05-28 00:00:00', 0, '0000-00-00 00:00:00', 0, 17),
(17, 0, 0, '0000-00-00 00:00:00', 0, 1, 1, '0000-00-00 00:00:00', 0, 0, 0, '0000-00-00 00:00:00', 0, 1, 1, '0000-00-00 00:00:00', 0, 0, 0, '0000-00-00 00:00:00', 0, '2019-05-28 12:41:00', 0, '0000-00-00 00:00:00', 0, '0000-00-00 00:00:00', 0, 16);

-- --------------------------------------------------------

--
-- Table structure for table `damage_paddle`
--

CREATE TABLE `damage_paddle` (
  `dam_pad_id` int(11) NOT NULL,
  `dam_pad_canopy` int(11) NOT NULL,
  `dam_status_canopy` int(11) NOT NULL,
  `done_date_canopy` datetime NOT NULL,
  `done_price_canopy` double NOT NULL,
  `dam_pad_pole` int(11) NOT NULL,
  `dam_status_pole` int(11) NOT NULL,
  `done_date_pole` datetime NOT NULL,
  `done_price_pole` double NOT NULL,
  `dam_pad_seat` int(11) NOT NULL,
  `dam_status_seat` int(11) NOT NULL,
  `done_date_seat` datetime NOT NULL,
  `done_price_seat` double NOT NULL,
  `dam_pad_paddle` int(11) NOT NULL,
  `dam_status_paddle` int(11) NOT NULL,
  `done_date_paddle` datetime NOT NULL,
  `done_price_paddle` double NOT NULL,
  `dam_pad_crack` int(11) NOT NULL,
  `dam_status_crack` int(11) NOT NULL,
  `done_date_crack` datetime NOT NULL,
  `done_price_crack` double NOT NULL,
  `dam_pad_leak` int(11) NOT NULL,
  `dam_status_leak` int(11) NOT NULL,
  `done_date_leak` datetime NOT NULL,
  `done_price_leak` double NOT NULL,
  `dam_pad_date` datetime NOT NULL,
  `rep_pad_status` int(11) NOT NULL,
  `rep_pad_date` datetime NOT NULL,
  `done_pad_price` double NOT NULL,
  `done_pad_date` datetime NOT NULL,
  `done_pad_status` int(11) NOT NULL,
  `new_id` int(11) NOT NULL
) ENGINE=InnoDB DEFAULT CHARSET=latin1;

--
-- Dumping data for table `damage_paddle`
--

INSERT INTO `damage_paddle` (`dam_pad_id`, `dam_pad_canopy`, `dam_status_canopy`, `done_date_canopy`, `done_price_canopy`, `dam_pad_pole`, `dam_status_pole`, `done_date_pole`, `done_price_pole`, `dam_pad_seat`, `dam_status_seat`, `done_date_seat`, `done_price_seat`, `dam_pad_paddle`, `dam_status_paddle`, `done_date_paddle`, `done_price_paddle`, `dam_pad_crack`, `dam_status_crack`, `done_date_crack`, `done_price_crack`, `dam_pad_leak`, `dam_status_leak`, `done_date_leak`, `done_price_leak`, `dam_pad_date`, `rep_pad_status`, `rep_pad_date`, `done_pad_price`, `done_pad_date`, `done_pad_status`, `new_id`) VALUES
(1, 1, 0, '2018-06-27 06:09:00', 20, 0, 0, '0000-00-00 00:00:00', 0, 1, 0, '2018-06-27 06:09:00', 20, 0, 0, '0000-00-00 00:00:00', 0, 1, 0, '2018-06-27 06:09:00', 20, 0, 0, '0000-00-00 00:00:00', 0, '2018-06-27 06:08:00', 0, '2018-06-27 00:00:00', 60, '2018-06-27 06:09:00', 1, 6),
(2, 0, 0, '0000-00-00 00:00:00', 0, 1, 0, '2018-06-27 06:09:00', 20, 0, 0, '0000-00-00 00:00:00', 0, 1, 0, '2018-06-27 06:09:00', 20, 0, 0, '0000-00-00 00:00:00', 0, 1, 0, '2018-06-27 06:09:00', 15, '2018-06-27 06:08:00', 0, '2018-06-27 00:00:00', 55, '2018-06-27 06:09:00', 1, 7),
(3, 0, 0, '0000-00-00 00:00:00', 0, 0, 0, '0000-00-00 00:00:00', 0, 0, 0, '0000-00-00 00:00:00', 0, 0, 0, '0000-00-00 00:00:00', 0, 1, 0, '2018-06-27 06:09:00', 50, 0, 0, '0000-00-00 00:00:00', 0, '2018-06-27 06:08:00', 0, '2018-06-27 00:00:00', 50, '2018-06-27 06:09:00', 1, 8),
(4, 1, 0, '2018-09-27 06:18:00', 20, 1, 0, '2018-09-27 06:18:00', 50, 1, 0, '2018-09-27 06:18:00', 20, 1, 0, '2018-09-27 06:18:00', 50, 1, 0, '2018-09-27 06:18:00', 20, 1, 0, '2018-09-27 06:18:00', 50, '2018-09-27 06:17:00', 0, '2018-09-27 00:00:00', 210, '2018-09-27 06:18:00', 1, 6),
(5, 1, 0, '2018-09-27 06:19:00', 45, 0, 0, '0000-00-00 00:00:00', 0, 1, 0, '2018-09-27 06:18:00', 20, 0, 0, '0000-00-00 00:00:00', 0, 1, 0, '2018-09-27 06:19:00', 80, 0, 0, '0000-00-00 00:00:00', 0, '2018-09-27 06:17:00', 0, '2018-09-27 00:00:00', 145, '2018-09-27 06:19:00', 1, 8),
(6, 0, 0, '0000-00-00 00:00:00', 0, 1, 0, '2018-09-27 06:19:00', 50, 0, 0, '0000-00-00 00:00:00', 0, 1, 0, '2018-09-27 06:19:00', 100, 0, 0, '0000-00-00 00:00:00', 0, 1, 0, '2018-09-27 06:19:00', 50, '2018-09-27 06:17:00', 0, '2018-09-27 00:00:00', 200, '2018-09-27 06:19:00', 1, 7),
(10, 1, 0, '2019-01-27 06:32:00', 30, 0, 0, '0000-00-00 00:00:00', 0, 0, 0, '0000-00-00 00:00:00', 0, 0, 0, '0000-00-00 00:00:00', 0, 0, 0, '0000-00-00 00:00:00', 0, 0, 0, '0000-00-00 00:00:00', 0, '2019-01-27 06:31:00', 0, '2019-01-27 00:00:00', 30, '2019-01-27 06:32:00', 1, 6),
(11, 0, 0, '0000-00-00 00:00:00', 0, 1, 0, '2019-01-27 06:32:00', 25, 0, 0, '0000-00-00 00:00:00', 0, 0, 0, '0000-00-00 00:00:00', 0, 0, 0, '0000-00-00 00:00:00', 0, 0, 0, '0000-00-00 00:00:00', 0, '2019-01-27 06:31:00', 0, '2019-01-27 00:00:00', 25, '2019-01-27 06:32:00', 1, 7),
(12, 0, 0, '0000-00-00 00:00:00', 0, 0, 0, '0000-00-00 00:00:00', 0, 1, 0, '2019-01-27 06:32:00', 25, 0, 0, '0000-00-00 00:00:00', 0, 0, 0, '0000-00-00 00:00:00', 0, 0, 0, '0000-00-00 00:00:00', 0, '2019-01-27 06:31:00', 0, '2019-01-27 00:00:00', 25, '2019-01-27 06:32:00', 1, 8),
(13, 1, 0, '2019-01-27 06:35:00', 20, 0, 0, '0000-00-00 00:00:00', 0, 0, 0, '0000-00-00 00:00:00', 0, 0, 0, '0000-00-00 00:00:00', 0, 0, 0, '0000-00-00 00:00:00', 0, 0, 0, '0000-00-00 00:00:00', 0, '2019-01-27 06:34:00', 0, '2019-01-27 00:00:00', 20, '2019-01-27 06:35:00', 1, 6),
(14, 0, 0, '0000-00-00 00:00:00', 0, 0, 0, '0000-00-00 00:00:00', 0, 0, 0, '0000-00-00 00:00:00', 0, 1, 0, '2019-02-27 06:38:00', 30, 0, 0, '0000-00-00 00:00:00', 0, 0, 0, '0000-00-00 00:00:00', 0, '2019-02-27 06:37:00', 0, '2019-02-27 00:00:00', 30, '2019-02-27 06:38:00', 1, 6),
(15, 0, 0, '0000-00-00 00:00:00', 0, 0, 0, '0000-00-00 00:00:00', 0, 0, 0, '0000-00-00 00:00:00', 0, 0, 0, '0000-00-00 00:00:00', 0, 1, 0, '2019-02-27 06:38:00', 30, 0, 0, '0000-00-00 00:00:00', 0, '2019-02-27 06:37:00', 0, '2019-02-27 00:00:00', 30, '2019-02-27 06:38:00', 1, 7),
(16, 0, 0, '0000-00-00 00:00:00', 0, 0, 0, '0000-00-00 00:00:00', 0, 0, 0, '0000-00-00 00:00:00', 0, 0, 0, '0000-00-00 00:00:00', 0, 0, 0, '0000-00-00 00:00:00', 0, 1, 0, '2019-02-27 06:38:00', 30, '2019-02-27 06:37:00', 0, '2019-02-27 00:00:00', 30, '2019-02-27 06:38:00', 1, 8);

-- --------------------------------------------------------

--
-- Table structure for table `facility_category`
--

CREATE TABLE `facility_category` (
  `fac_id` int(11) NOT NULL,
  `fac_name` varchar(255) NOT NULL,
  `fac_rate` double NOT NULL,
  `fac_total` int(11) NOT NULL,
  `fac_qty` int(11) NOT NULL,
  `fac_limit` int(11) NOT NULL,
  `fac_queue` int(11) NOT NULL,
  `fac_use` int(11) NOT NULL,
  `fac_status` int(11) NOT NULL,
  `fac_unav` date NOT NULL,
  `manager_id` int(11) NOT NULL
) ENGINE=InnoDB DEFAULT CHARSET=latin1;

--
-- Dumping data for table `facility_category`
--

INSERT INTO `facility_category` (`fac_id`, `fac_name`, `fac_rate`, `fac_total`, `fac_qty`, `fac_limit`, `fac_queue`, `fac_use`, `fac_status`, `fac_unav`, `manager_id`) VALUES
(1, 'Paddle Boat', 12, 3, 3, 3, 0, 0, 0, '0000-00-00', 1),
(2, 'Electric Boat', 50, 3, 3, 3, 0, 0, 0, '0000-00-00', 1),
(3, 'Kayak', 6, 3, 1, 1, 0, 0, 0, '0000-00-00', 1),
(4, 'Flying Fox', 8, 15, 15, 15, 0, 0, 0, '0000-00-00', 1),
(5, 'Wall Climbing', 8, 15, 15, 15, 0, 0, 0, '0000-00-00', 1),
(6, 'Paintball Shooting', 6, 10, 10, 10, 0, 0, 0, '0000-00-00', 1),
(7, 'Archery Target', 6, 10, 10, 10, 0, 0, 0, '0000-00-00', 1),
(8, 'Trampoline Jump', 4, 6, 6, 5, 0, 1, 1, '2019-05-28', 1),
(9, 'Space Ball ', 4, 6, 6, 6, 1, 0, 1, '2019-05-28', 1);

-- --------------------------------------------------------

--
-- Table structure for table `facility_new`
--

CREATE TABLE `facility_new` (
  `new_id` int(11) NOT NULL,
  `new_code` varchar(255) NOT NULL,
  `new_model` varchar(255) NOT NULL,
  `new_color` varchar(255) NOT NULL,
  `new_receive` datetime NOT NULL,
  `new_price` double NOT NULL,
  `new_damage` int(11) NOT NULL,
  `fac_id` int(11) NOT NULL
) ENGINE=InnoDB DEFAULT CHARSET=latin1;

--
-- Dumping data for table `facility_new`
--

INSERT INTO `facility_new` (`new_id`, `new_code`, `new_model`, `new_color`, `new_receive`, `new_price`, `new_damage`, `fac_id`) VALUES
(6, 'PD01', 'Paddle 200G', 'Red', '2018-05-01 00:00:00', 1300, 0, 1),
(7, 'PD02', 'Paddle 200G', 'Red', '2018-05-01 00:00:00', 1300, 0, 1),
(8, 'PD03', 'Paddle 200G', 'Red', '2018-05-01 00:00:00', 1300, 0, 1),
(11, 'EC01', 'Electric Master D33', 'Blue', '2018-05-01 00:00:00', 2500, 0, 2),
(12, 'EC02', 'Electric Master D33', 'Blue', '2018-05-01 00:00:00', 2500, 0, 2),
(13, 'EC03', 'Electric Master D33', 'Blue', '2018-05-01 00:00:00', 2500, 0, 2),
(15, 'KY01', 'Lake Pro 50', 'Yellow', '2018-05-01 00:00:00', 800, 0, 3),
(16, 'KY02', 'Lake Pro 50', 'Yellow', '2018-05-01 00:00:00', 800, 1, 3),
(17, 'KY03', 'Lake Pro 50', 'Yellow', '2018-05-01 00:00:00', 800, 1, 3);

-- --------------------------------------------------------

--
-- Table structure for table `login_details`
--

CREATE TABLE `login_details` (
  `login_details_id` int(11) NOT NULL,
  `staff_id` int(11) NOT NULL,
  `last_activity` timestamp NOT NULL DEFAULT CURRENT_TIMESTAMP,
  `is_type` enum('no','yes') NOT NULL
) ENGINE=InnoDB DEFAULT CHARSET=latin1;

--
-- Dumping data for table `login_details`
--

INSERT INTO `login_details` (`login_details_id`, `staff_id`, `last_activity`, `is_type`) VALUES
(1, 3, '2019-05-28 01:21:02', 'no'),
(2, 4, '2019-05-28 01:21:07', 'no'),
(3, 3, '2019-05-28 05:06:44', 'no'),
(4, 4, '2019-05-28 05:06:19', 'no');

-- --------------------------------------------------------

--
-- Table structure for table `used_finish`
--

CREATE TABLE `used_finish` (
  `finish_id` int(11) NOT NULL,
  `finish_date` datetime NOT NULL,
  `cust_id` int(11) NOT NULL
) ENGINE=InnoDB DEFAULT CHARSET=latin1;

--
-- Dumping data for table `used_finish`
--

INSERT INTO `used_finish` (`finish_id`, `finish_date`, `cust_id`) VALUES
(110, '2018-05-01 08:51:59', 4),
(111, '2018-05-01 08:52:24', 4),
(112, '2018-05-01 08:52:53', 4),
(113, '2018-05-01 08:53:25', 5),
(114, '2018-05-01 08:55:38', 5),
(115, '2018-05-01 08:56:28', 5),
(116, '2018-05-01 09:03:28', 4),
(117, '2018-05-01 09:03:43', 4),
(118, '2018-05-01 09:05:37', 4),
(119, '2018-05-01 09:06:20', 5),
(120, '2018-05-01 09:06:44', 5),
(121, '2018-05-01 09:07:01', 5),
(122, '2018-05-01 09:07:32', 5),
(123, '2018-05-01 09:07:57', 5),
(124, '2018-05-01 09:08:18', 5),
(125, '2018-05-01 09:08:56', 4),
(126, '2018-05-01 09:09:14', 4),
(127, '2018-05-01 09:09:30', 4),
(128, '2018-05-01 09:09:59', 4),
(129, '2018-05-01 09:10:22', 4),
(130, '2018-05-01 09:10:41', 4),
(131, '2018-05-01 09:17:56', 4),
(132, '2018-05-01 09:18:42', 4),
(133, '2018-05-01 09:19:23', 4),
(134, '2018-06-03 09:39:37', 5),
(135, '2018-06-03 09:39:55', 4),
(136, '2018-06-03 09:40:14', 4),
(137, '2018-06-03 09:41:10', 4),
(138, '2018-06-03 09:41:29', 4),
(139, '2018-06-03 09:41:55', 4),
(140, '2018-06-03 09:42:17', 4),
(141, '2018-06-03 09:43:00', 4),
(142, '2018-06-03 09:43:19', 4),
(143, '2018-06-03 09:43:40', 4),
(144, '2018-06-03 09:44:12', 5),
(145, '2018-06-03 09:44:29', 5),
(146, '2018-06-03 09:44:45', 5),
(147, '2018-06-03 09:45:18', 4),
(148, '2018-06-03 09:45:40', 4),
(149, '2018-06-03 09:46:00', 4),
(150, '2018-06-03 09:46:25', 4),
(151, '2018-06-03 09:46:44', 4),
(152, '2018-06-03 09:47:05', 4),
(153, '2018-06-03 09:47:28', 4),
(154, '2018-06-03 09:47:41', 4),
(155, '2018-06-03 09:52:24', 5),
(156, '2018-06-03 09:52:42', 5),
(157, '2018-06-03 09:53:01', 5),
(158, '2018-06-03 09:53:31', 5),
(159, '2018-06-03 09:53:45', 5),
(160, '2018-06-03 09:54:04', 5),
(161, '2018-06-03 09:54:23', 4),
(162, '2018-06-03 09:54:37', 4),
(163, '2018-06-03 09:55:27', 5),
(164, '2018-06-03 09:55:36', 5),
(165, '2018-06-03 09:55:46', 5),
(166, '2018-06-03 09:56:03', 4),
(167, '2018-06-03 09:56:17', 4),
(168, '2018-06-03 09:56:59', 5),
(169, '2018-06-03 09:57:35', 5),
(170, '2018-06-03 09:57:53', 4),
(171, '2018-06-03 09:58:07', 4),
(172, '2018-06-03 09:58:27', 4),
(173, '2018-06-03 10:02:26', 5),
(174, '2018-06-03 10:03:06', 4),
(175, '2018-07-26 23:14:34', 4),
(176, '2018-07-26 23:14:53', 4),
(177, '2018-07-26 23:15:16', 4),
(178, '2018-07-26 23:15:38', 4),
(179, '2018-07-26 23:15:58', 4),
(180, '2018-07-26 23:24:43', 5),
(181, '2018-07-26 23:25:21', 4),
(182, '2018-07-26 23:25:38', 4),
(183, '2018-07-26 23:25:57', 4),
(184, '2018-07-26 23:26:17', 4),
(185, '2018-07-26 23:26:32', 4),
(186, '2018-07-26 23:26:48', 4),
(187, '2018-07-26 23:27:10', 4),
(188, '2018-07-26 23:27:32', 4),
(189, '2018-07-26 23:27:48', 4),
(190, '2018-07-26 23:28:05', 5),
(191, '2018-07-26 23:28:17', 5),
(192, '2018-07-26 23:28:33', 5),
(193, '2018-07-26 23:28:53', 5),
(194, '2018-07-26 23:29:09', 5),
(195, '2018-07-26 23:29:31', 5),
(196, '2018-07-26 23:31:12', 5),
(197, '2018-08-23 23:38:11', 4),
(198, '2018-08-23 23:38:29', 4),
(199, '2018-08-23 23:38:49', 4),
(200, '2018-08-23 23:39:13', 4),
(201, '2018-08-23 23:39:34', 4),
(202, '2018-08-23 23:39:57', 4),
(203, '2018-08-23 23:40:15', 4),
(204, '2018-08-23 23:40:33', 4),
(205, '2018-08-23 23:40:50', 4),
(206, '2018-08-23 23:51:46', 5),
(207, '2018-08-23 23:52:06', 5),
(208, '2018-08-23 23:52:31', 5),
(209, '2018-08-23 23:52:51', 5),
(210, '2018-08-23 23:53:15', 4),
(211, '2018-08-23 23:53:32', 4),
(212, '2018-08-23 23:53:55', 5),
(213, '2018-08-23 23:54:15', 5),
(214, '2018-08-23 23:54:48', 5),
(215, '2018-08-23 23:55:09', 5),
(216, '2018-08-23 23:55:29', 4),
(217, '2018-08-23 23:55:46', 4),
(218, '2018-08-23 23:56:05', 4),
(219, '2018-08-23 23:56:26', 4),
(220, '2018-08-23 23:56:58', 4),
(221, '2018-08-23 23:57:15', 4),
(222, '2018-08-23 23:57:32', 4),
(223, '2018-08-23 23:57:52', 4),
(224, '2018-08-23 23:58:17', 5),
(225, '2018-08-23 23:58:33', 5),
(226, '2018-08-23 23:58:49', 5),
(227, '2018-08-23 23:59:09', 4),
(228, '2018-08-23 23:59:26', 4),
(229, '2018-08-23 23:59:46', 4),
(230, '2018-08-24 00:00:06', 4),
(231, '2018-08-24 00:00:22', 4),
(232, '2018-08-24 00:00:43', 4),
(233, '2018-08-24 00:01:00', 4),
(234, '2018-08-24 00:01:30', 4),
(235, '2018-08-24 00:01:52', 4),
(236, '2018-08-24 00:02:09', 4),
(237, '2018-08-24 00:02:26', 4),
(238, '2018-08-24 00:02:45', 4),
(239, '2018-08-24 00:03:02', 4),
(240, '2018-08-24 00:03:20', 4),
(241, '2018-08-24 00:06:10', 4),
(242, '2018-09-24 00:22:30', 4),
(243, '2018-09-24 00:22:46', 4),
(244, '2018-09-24 00:23:05', 4),
(245, '2018-09-24 00:24:09', 4),
(246, '2018-09-24 00:24:42', 4),
(247, '2018-09-24 00:25:04', 4),
(248, '2018-09-24 00:25:37', 4),
(249, '2018-09-24 00:25:56', 4),
(250, '2018-09-24 00:26:13', 4),
(251, '2018-09-24 00:26:34', 4),
(252, '2018-09-24 00:26:53', 4),
(253, '2018-09-24 00:27:10', 4),
(254, '2018-09-24 00:27:26', 4),
(255, '2018-09-24 00:27:46', 4),
(256, '2018-09-24 00:28:02', 4),
(257, '2018-09-24 00:28:19', 4),
(258, '2018-10-24 00:41:33', 4),
(259, '2018-10-24 00:41:49', 4),
(260, '2018-10-24 00:42:06', 4),
(261, '2018-10-24 00:42:20', 4),
(262, '2018-10-24 00:42:35', 4),
(263, '2018-10-24 00:42:53', 4),
(264, '2018-10-24 00:43:07', 4),
(265, '2018-10-24 00:43:20', 4),
(266, '2018-10-24 00:43:46', 4),
(267, '2018-10-24 00:44:01', 4),
(268, '2018-10-24 00:44:18', 4),
(269, '2018-10-24 00:44:39', 4),
(270, '2018-10-24 00:44:59', 4),
(271, '2018-10-24 00:45:16', 4),
(272, '2018-10-24 00:45:38', 4),
(273, '2018-10-24 00:46:19', 4),
(274, '2018-10-24 00:46:35', 4),
(275, '2018-10-24 00:46:49', 4),
(276, '2018-10-24 00:47:08', 4),
(277, '2018-10-24 00:47:25', 4),
(278, '2018-10-24 00:47:44', 4),
(279, '2018-10-24 00:49:49', 4),
(280, '2018-10-24 00:50:37', 4),
(281, '2018-10-24 00:50:52', 4),
(282, '2018-10-24 00:51:09', 4),
(283, '2018-10-24 00:51:41', 4),
(284, '2018-10-24 00:52:07', 4),
(285, '2018-11-24 00:57:04', 5),
(286, '2018-11-24 00:57:21', 5),
(287, '2018-11-24 00:57:35', 5),
(288, '2018-11-24 00:57:50', 5),
(289, '2018-11-24 00:58:06', 5),
(290, '2018-11-24 00:58:21', 5),
(291, '2018-11-24 00:58:35', 5),
(292, '2018-11-24 00:58:51', 5),
(293, '2018-11-24 00:59:07', 5),
(294, '2018-11-24 01:07:22', 5),
(295, '2018-11-24 01:07:38', 5),
(296, '2018-11-24 01:08:00', 5),
(297, '2018-11-24 01:08:15', 5),
(298, '2018-11-24 01:09:02', 5),
(299, '2018-11-24 01:09:21', 5),
(300, '2018-11-24 01:09:52', 5),
(301, '2018-11-24 01:11:29', 5),
(302, '2018-11-24 01:11:45', 5),
(303, '2018-11-24 01:12:04', 5),
(304, '2018-11-24 01:12:20', 5),
(305, '2018-11-24 01:12:37', 5),
(306, '2018-11-24 01:12:51', 5),
(307, '2018-11-24 01:13:05', 5),
(308, '2018-11-24 01:13:17', 5),
(309, '2018-11-24 01:13:46', 5),
(310, '2018-11-24 01:14:00', 5),
(311, '2018-11-24 01:14:14', 5),
(312, '2018-11-24 01:14:30', 5),
(313, '2018-11-24 01:14:44', 5),
(314, '2018-11-24 01:15:01', 5),
(315, '2018-11-24 01:15:19', 5),
(316, '2018-11-24 01:15:31', 5),
(317, '2018-12-24 01:25:34', 5),
(318, '2018-12-24 01:26:03', 5),
(319, '2018-12-24 01:26:19', 5),
(320, '2018-12-24 01:26:32', 5),
(321, '2018-12-24 01:26:46', 5),
(322, '2018-12-24 01:27:05', 5),
(323, '2018-12-24 01:27:18', 5),
(324, '2018-12-24 01:27:32', 5),
(325, '2018-12-24 01:27:49', 5),
(326, '2018-12-24 01:28:02', 5),
(327, '2018-12-24 01:28:29', 5),
(328, '2018-12-24 01:28:44', 5),
(329, '2018-12-24 01:30:00', 5),
(330, '2018-12-24 01:30:13', 5),
(331, '2019-01-10 02:31:04', 5),
(332, '2019-01-10 02:31:17', 5),
(333, '2019-01-10 02:31:30', 5),
(334, '2019-01-10 02:31:44', 5),
(335, '2019-01-10 02:31:58', 5),
(336, '2019-01-10 02:32:16', 5),
(337, '2019-01-10 02:32:36', 5),
(338, '2019-01-10 02:33:22', 5),
(339, '2019-01-10 02:33:41', 5),
(340, '2019-01-10 02:34:14', 5),
(341, '2019-01-10 02:34:28', 5),
(342, '2019-01-10 02:34:42', 5),
(343, '2019-01-10 02:34:56', 5),
(344, '2019-01-10 02:35:08', 5),
(345, '2019-01-10 02:35:23', 5),
(346, '2019-01-10 02:36:11', 4),
(347, '2019-01-10 02:36:22', 4),
(348, '2019-01-10 02:36:39', 4),
(349, '2019-01-10 02:37:03', 4),
(350, '2019-01-10 02:37:14', 4),
(351, '2019-01-10 02:37:28', 4),
(352, '2019-01-10 02:37:51', 5),
(353, '2019-01-10 02:38:02', 5),
(354, '2019-01-10 02:38:16', 5),
(355, '2019-01-10 02:38:32', 4),
(356, '2019-01-10 02:38:43', 4),
(357, '2019-01-10 02:39:13', 4),
(358, '2019-01-10 02:39:26', 4),
(359, '2019-01-10 02:39:38', 4),
(360, '2019-01-10 02:39:55', 4),
(361, '2019-01-10 02:40:38', 4),
(362, '2019-01-10 02:41:01', 4),
(363, '2019-01-10 02:42:01', 4),
(364, '2019-01-10 02:44:22', 4),
(365, '2019-01-10 02:45:11', 4),
(366, '2019-02-10 02:51:42', 5),
(367, '2019-02-10 02:51:55', 5),
(368, '2019-02-10 02:52:35', 5),
(369, '2019-02-10 02:52:52', 5),
(370, '2019-02-10 02:53:38', 5),
(371, '2019-02-10 02:53:55', 5),
(372, '2019-02-10 02:54:09', 5),
(373, '2019-02-10 02:54:22', 5),
(374, '2019-02-10 02:54:54', 5),
(375, '2019-02-10 02:55:09', 5),
(376, '2019-02-10 02:55:26', 5),
(377, '2019-02-10 02:55:40', 5),
(378, '2019-02-10 02:55:51', 5),
(379, '2019-02-10 02:56:18', 5),
(380, '2019-02-10 02:56:31', 5),
(381, '2019-02-10 02:56:56', 4),
(382, '2019-02-10 02:57:11', 4),
(383, '2019-02-10 02:57:25', 4),
(384, '2019-02-10 02:57:39', 4),
(385, '2019-02-10 02:57:52', 4),
(386, '2019-02-10 02:58:18', 4),
(387, '2019-02-10 02:59:22', 5),
(388, '2019-02-10 02:59:47', 5),
(389, '2019-02-10 03:00:15', 5),
(390, '2019-02-10 03:01:48', 4),
(391, '2019-02-10 03:01:59', 4),
(392, '2019-02-10 03:04:08', 4),
(393, '2019-02-10 03:04:22', 4),
(394, '2019-02-10 03:04:39', 4),
(395, '2019-03-10 03:10:34', 5),
(396, '2019-03-10 03:10:49', 5),
(397, '2019-03-10 03:11:12', 5),
(398, '2019-03-10 03:14:02', 4),
(399, '2019-03-10 03:14:53', 4),
(400, '2019-03-10 03:15:10', 4),
(401, '2019-03-10 03:15:31', 4),
(402, '2019-03-10 03:15:48', 4),
(403, '2019-03-10 03:16:08', 4),
(404, '2019-03-10 03:16:26', 4),
(405, '2019-03-10 03:16:40', 4),
(406, '2019-03-10 03:16:56', 4),
(407, '2019-03-10 03:17:13', 5),
(408, '2019-03-10 03:17:27', 5),
(409, '2019-03-10 03:17:43', 5),
(410, '2019-03-10 03:18:41', 5),
(411, '2019-03-10 03:18:59', 5),
(412, '2019-03-10 03:19:12', 5),
(413, '2019-04-10 03:29:14', 5),
(414, '2019-04-10 03:29:29', 5),
(415, '2019-04-10 03:29:45', 5),
(416, '2019-04-10 03:30:02', 5),
(417, '2019-04-10 03:30:13', 5),
(418, '2019-04-10 03:30:29', 5),
(419, '2019-04-10 03:30:46', 5),
(420, '2019-04-10 03:31:00', 5),
(421, '2019-04-10 03:31:14', 5),
(422, '2019-04-10 03:31:29', 5),
(423, '2019-04-10 03:31:40', 5),
(424, '2019-04-10 03:31:52', 5),
(425, '2019-04-10 03:32:14', 5),
(426, '2019-04-10 03:32:25', 5),
(427, '2019-04-10 03:32:42', 5),
(428, '2019-04-10 03:32:53', 5),
(429, '2019-04-10 03:33:20', 5),
(430, '2019-04-10 03:33:43', 5),
(431, '2019-04-10 03:33:56', 5),
(432, '2019-04-10 03:34:11', 5),
(433, '2019-04-10 03:34:25', 5),
(434, '2019-04-10 03:35:03', 5),
(435, '2019-04-10 03:35:17', 5),
(436, '2019-04-10 03:35:30', 5),
(437, '2019-04-10 03:36:02', 5),
(438, '2019-04-10 03:36:13', 5),
(439, '2019-04-10 03:36:36', 5),
(440, '2019-04-10 03:36:50', 5),
(441, '2019-04-10 03:37:28', 5),
(442, '2019-04-10 03:37:42', 5),
(443, '2019-04-10 03:37:55', 5),
(444, '2019-04-10 03:38:24', 5),
(445, '2019-04-10 03:38:58', 5),
(446, '2019-04-10 03:40:42', 5),
(447, '2019-04-10 03:40:54', 5),
(448, '2019-04-10 03:41:12', 5),
(449, '2019-04-10 03:45:07', 5),
(450, '2019-05-27 11:28:04', 5),
(451, '2019-05-28 07:01:17', 10),
(452, '2019-05-28 07:01:32', 10),
(453, '2019-05-28 07:01:48', 10),
(454, '2019-05-28 07:02:05', 10),
(455, '2019-05-28 07:02:19', 10),
(456, '2019-05-28 07:02:37', 10),
(457, '2019-05-28 07:02:51', 10),
(458, '2019-05-28 07:03:06', 10),
(459, '2019-05-28 07:03:20', 10),
(460, '2019-05-28 07:33:04', 10),
(461, '2019-05-28 12:59:48', 11),
(462, '2019-05-28 13:00:25', 11);

-- --------------------------------------------------------

--
-- Table structure for table `used_list`
--

CREATE TABLE `used_list` (
  `list_id` int(11) NOT NULL,
  `list_barcode` varchar(255) NOT NULL,
  `list_qty` int(11) NOT NULL,
  `list_total` double NOT NULL,
  `list_start` datetime NOT NULL,
  `list_finish` datetime NOT NULL,
  `list_status` int(11) NOT NULL,
  `list_review` int(11) NOT NULL,
  `fac_id` int(11) NOT NULL,
  `start_id` int(11) NOT NULL,
  `finish_id` int(11) DEFAULT NULL
) ENGINE=InnoDB DEFAULT CHARSET=latin1;

--
-- Dumping data for table `used_list`
--

INSERT INTO `used_list` (`list_id`, `list_barcode`, `list_qty`, `list_total`, `list_start`, `list_finish`, `list_status`, `list_review`, `fac_id`, `start_id`, `finish_id`) VALUES
(200, '740965088200', 1, 12, '2018-05-01 08:53:11', '2018-05-01 08:53:25', 2, 1, 1, 100, 113),
(201, '2122072169201', 1, 8, '2018-05-01 08:55:28', '2018-05-01 08:55:38', 2, 1, 4, 100, 114),
(202, '552415646202', 1, 6, '2018-05-01 08:56:12', '2018-05-01 08:56:28', 2, 1, 7, 100, 115),
(203, '105717551203', 1, 50, '2018-05-01 08:51:49', '2018-05-01 08:51:59', 2, 1, 2, 101, 110),
(204, '1654547469204', 1, 8, '2018-05-01 08:52:14', '2018-05-01 08:52:24', 2, 1, 5, 101, 111),
(205, '1026964902205', 1, 4, '2018-05-01 08:52:46', '2018-05-01 08:52:53', 2, 1, 8, 101, 112),
(206, '188626877206', 1, 6, '2018-05-01 09:09:52', '2018-05-01 09:09:59', 2, 1, 3, 102, 128),
(207, '608788759207', 1, 6, '2018-05-01 09:10:15', '2018-05-01 09:10:22', 2, 1, 6, 102, 129),
(208, '1414091942208', 1, 4, '2018-05-01 09:10:34', '2018-05-01 09:10:41', 2, 1, 9, 102, 130),
(209, '801622196209', 1, 12, '2018-05-01 09:08:46', '2018-05-01 09:08:56', 2, 1, 1, 103, 125),
(210, '624297121210', 1, 8, '2018-05-01 09:09:08', '2018-05-01 09:09:15', 2, 1, 5, 103, 126),
(211, '118174582211', 1, 4, '2018-05-01 09:09:24', '2018-05-01 09:09:30', 2, 1, 9, 103, 127),
(216, '20097317216', 1, 50, '2018-05-01 09:07:25', '2018-05-01 09:07:32', 2, 1, 2, 106, 122),
(217, '1728651135217', 1, 6, '2018-05-01 09:07:47', '2018-05-01 09:07:57', 2, 1, 6, 106, 123),
(218, '1146581840218', 1, 6, '2018-05-01 09:08:07', '2018-05-01 09:08:18', 2, 1, 7, 106, 124),
(219, '740545288219', 1, 6, '2018-05-01 09:05:55', '2018-05-01 09:06:20', 2, 1, 3, 107, 119),
(220, '1963750708220', 1, 8, '2018-05-01 09:06:37', '2018-05-01 09:06:44', 2, 1, 5, 107, 120),
(221, '1597600951221', 1, 6, '2018-05-01 09:06:54', '2018-05-01 09:07:01', 2, 1, 7, 107, 121),
(222, '1765119339222', 1, 8, '2018-05-01 09:03:19', '2018-05-01 09:03:28', 2, 1, 5, 108, 116),
(223, '1566784509223', 1, 4, '2018-05-01 09:03:37', '2018-05-01 09:03:43', 2, 1, 8, 108, 117),
(224, '1296150321224', 1, 4, '2018-05-01 09:05:27', '2018-05-01 09:05:37', 2, 1, 9, 108, 118),
(225, '1392024169225', 1, 50, '2018-05-01 09:17:49', '2018-05-01 09:17:56', 2, 1, 2, 109, 131),
(226, '1527937967226', 1, 8, '2018-05-01 09:18:08', '2018-05-01 09:18:42', 2, 1, 4, 109, 132),
(227, '1946589834227', 1, 8, '2018-05-01 09:19:09', '2018-05-01 09:19:23', 2, 1, 5, 109, 133),
(228, '876947989228', 1, 12, '2018-06-03 09:44:01', '2018-06-03 09:44:12', 2, 1, 1, 110, 144),
(229, '590051321229', 1, 6, '2018-06-03 09:44:22', '2018-06-03 09:44:29', 2, 1, 3, 110, 145),
(230, '554945590230', 1, 8, '2018-06-03 09:44:38', '2018-06-03 09:44:45', 2, 1, 5, 110, 146),
(231, '1452671201231', 1, 50, '2018-06-03 09:42:48', '2018-06-03 09:43:00', 2, 1, 2, 111, 141),
(232, '1434017650232', 1, 8, '2018-06-03 09:43:11', '2018-06-03 09:43:19', 2, 1, 4, 111, 142),
(233, '2144674484233', 1, 6, '2018-06-03 09:43:33', '2018-06-03 09:43:40', 2, 1, 6, 111, 143),
(234, '573131227234', 1, 6, '2018-06-03 09:57:47', '2018-06-03 09:57:53', 2, 1, 7, 112, 170),
(235, '735020502235', 1, 4, '2018-06-03 09:58:02', '2018-06-03 09:58:07', 2, 1, 8, 112, 171),
(236, '1384954536236', 1, 4, '2018-06-03 09:58:13', '2018-06-03 09:58:27', 2, 1, 9, 112, 172),
(243, '1052794234243', 1, 8, '2018-06-03 09:56:46', '2018-06-03 09:56:59', 2, 1, 5, 115, 168),
(244, '1971471618244', 1, 6, '2018-06-03 09:57:08', '2018-06-03 10:02:26', 2, 1, 6, 115, 173),
(245, '1498557897245', 1, 4, '2018-06-03 09:57:27', '2018-06-03 09:57:35', 2, 1, 9, 115, 169),
(246, '411465305246', 1, 8, '2018-06-03 09:55:57', '2018-06-03 09:56:03', 2, 1, 4, 116, 166),
(247, '1979415632247', 1, 6, '2018-06-03 09:56:11', '2018-06-03 09:56:17', 2, 1, 7, 116, 167),
(248, '478363945248', 1, 4, '2018-06-03 09:56:29', '2018-06-03 10:03:06', 2, 1, 8, 116, 174),
(249, '212326971249', 1, 12, '2018-06-03 09:55:00', '2018-06-03 09:55:27', 2, 1, 1, 117, 163),
(250, '996120242250', 1, 8, '2018-06-03 09:55:09', '2018-06-03 09:55:36', 2, 1, 4, 117, 164),
(251, '1168962534251', 1, 8, '2018-06-03 09:55:18', '2018-06-03 09:55:46', 2, 1, 5, 117, 165),
(252, '376999071252', 1, 8, '2018-06-03 09:54:16', '2018-06-03 09:54:23', 2, 1, 4, 118, 161),
(253, '86902850253', 1, 8, '2018-06-03 09:54:31', '2018-06-03 09:54:37', 2, 1, 5, 118, 162),
(254, '1463906424254', 1, 6, '2018-06-03 09:53:25', '2018-06-03 09:53:31', 2, 1, 3, 119, 158),
(255, '1599816394255', 1, 8, '2018-06-03 09:53:40', '2018-06-03 09:53:45', 2, 1, 4, 119, 159),
(256, '1688932914256', 1, 4, '2018-06-03 09:53:55', '2018-06-03 09:54:04', 2, 1, 8, 119, 160),
(257, '1360927981257', 1, 6, '2018-06-03 09:52:18', '2018-06-03 09:52:25', 2, 1, 3, 120, 155),
(258, '1862058560258', 1, 8, '2018-06-03 09:52:36', '2018-06-03 09:52:42', 2, 1, 4, 120, 156),
(259, '345552745259', 1, 4, '2018-06-03 09:52:54', '2018-06-03 09:53:01', 2, 1, 8, 120, 157),
(260, '1621114435260', 1, 8, '2018-06-03 09:47:18', '2018-06-03 09:47:28', 2, 1, 4, 121, 153),
(261, '743940029261', 1, 4, '2018-06-03 09:47:35', '2018-06-03 09:47:41', 2, 1, 9, 121, 154),
(262, '1860263595262', 1, 8, '2018-06-03 09:46:13', '2018-06-03 09:46:25', 2, 1, 4, 122, 150),
(263, '1719953237263', 1, 8, '2018-06-03 09:46:35', '2018-06-03 09:46:44', 2, 1, 5, 122, 151),
(264, '379881960264', 1, 6, '2018-06-03 09:46:54', '2018-06-03 09:47:05', 2, 1, 6, 122, 152),
(265, '188802916265', 1, 8, '2018-06-03 09:45:08', '2018-06-03 09:45:18', 2, 1, 4, 123, 147),
(266, '355451845266', 1, 6, '2018-06-03 09:45:30', '2018-06-03 09:45:40', 2, 1, 6, 123, 148),
(267, '1786085341267', 1, 4, '2018-06-03 09:45:53', '2018-06-03 09:46:01', 2, 1, 8, 123, 149),
(268, '1705797406268', 1, 8, '2018-06-03 09:41:45', '2018-06-03 09:41:55', 2, 1, 4, 124, 139),
(269, '240010546269', 1, 8, '2018-06-03 09:42:08', '2018-06-03 09:42:17', 2, 1, 5, 124, 140),
(270, '840632354270', 1, 8, '2018-06-03 09:41:23', '2018-06-03 09:41:29', 2, 1, 4, 125, 138),
(271, '1727280671271', 1, 8, '2018-06-03 09:40:55', '2018-06-03 09:41:10', 2, 1, 4, 126, 137),
(272, '1688411735272', 1, 8, '2018-06-03 09:39:48', '2018-06-03 09:39:55', 2, 1, 4, 127, 135),
(273, '1758337935273', 1, 4, '2018-06-03 09:40:06', '2018-06-03 09:40:14', 2, 1, 8, 127, 136),
(274, '79148066274', 1, 8, '2018-06-03 09:39:25', '2018-06-03 09:39:37', 2, 1, 4, 128, 134),
(275, '763572499275', 1, 6, '2018-07-26 23:28:46', '2018-07-26 23:28:53', 2, 1, 3, 129, 193),
(276, '1726425474276', 1, 8, '2018-07-26 23:29:03', '2018-07-26 23:29:09', 2, 1, 5, 129, 194),
(277, '1130940401277', 1, 6, '2018-07-26 23:29:19', '2018-07-26 23:29:31', 2, 1, 7, 129, 195),
(278, '462169499278', 1, 12, '2018-07-26 23:27:59', '2018-07-26 23:28:05', 2, 1, 1, 130, 190),
(279, '287018559279', 1, 8, '2018-07-26 23:28:11', '2018-07-26 23:28:17', 2, 1, 5, 130, 191),
(280, '1517407416280', 1, 4, '2018-07-26 23:28:27', '2018-07-26 23:28:33', 2, 1, 9, 130, 192),
(281, '1373144903281', 1, 12, '2018-07-26 23:27:03', '2018-07-26 23:27:10', 2, 1, 1, 131, 187),
(282, '319058060282', 1, 50, '2018-07-26 23:27:22', '2018-07-26 23:27:32', 2, 1, 2, 131, 188),
(283, '1359429970283', 1, 6, '2018-07-26 23:27:42', '2018-07-26 23:27:48', 2, 1, 3, 131, 189),
(284, '212245157284', 1, 8, '2018-07-26 23:26:10', '2018-07-26 23:26:17', 2, 1, 4, 132, 184),
(285, '1805337965285', 1, 8, '2018-07-26 23:26:26', '2018-07-26 23:26:32', 2, 1, 5, 132, 185),
(286, '227926699286', 1, 6, '2018-07-26 23:26:42', '2018-07-26 23:26:48', 2, 1, 6, 132, 186),
(287, '2012696137287', 1, 6, '2018-07-26 23:25:11', '2018-07-26 23:25:21', 2, 1, 7, 133, 181),
(288, '1836283365288', 1, 4, '2018-07-26 23:25:31', '2018-07-26 23:25:38', 2, 1, 8, 133, 182),
(289, '608015495289', 1, 4, '2018-07-26 23:25:48', '2018-07-26 23:25:57', 2, 1, 9, 133, 183),
(290, '612410157290', 1, 50, '2018-07-26 23:24:34', '2018-07-26 23:24:43', 2, 1, 2, 134, 180),
(291, '1781319204291', 1, 8, '2018-07-26 23:24:53', '2018-07-26 23:31:12', 2, 1, 4, 134, 196),
(292, '1998966102292', 1, 50, '2018-07-26 23:15:06', '2018-07-26 23:15:16', 2, 1, 2, 135, 177),
(293, '365980734293', 1, 6, '2018-07-26 23:15:29', '2018-07-26 23:15:39', 2, 1, 6, 135, 178),
(294, '963913574294', 1, 4, '2018-07-26 23:15:51', '2018-07-26 23:15:58', 2, 1, 8, 135, 179),
(295, '885500122295', 1, 6, '2018-07-26 23:14:24', '2018-07-26 23:14:34', 2, 1, 6, 136, 175),
(296, '2136908472296', 1, 4, '2018-07-26 23:14:46', '2018-07-26 23:14:53', 2, 1, 8, 136, 176),
(297, '319526976297', 1, 12, '2018-08-23 23:40:09', '2018-08-23 23:40:15', 2, 1, 1, 137, 203),
(298, '1596455300298', 1, 50, '2018-08-23 23:40:27', '2018-08-23 23:40:33', 2, 1, 2, 137, 204),
(299, '145359950299', 1, 6, '2018-08-23 23:40:40', '2018-08-23 23:40:50', 2, 1, 3, 137, 205),
(300, '351609072300', 1, 12, '2018-08-23 23:39:06', '2018-08-23 23:39:13', 2, 1, 1, 138, 200),
(301, '2145652744301', 1, 50, '2018-08-23 23:39:23', '2018-08-23 23:39:34', 2, 1, 2, 138, 201),
(302, '1942643049302', 1, 6, '2018-08-23 23:39:46', '2018-08-23 23:39:57', 2, 1, 3, 138, 202),
(303, '649327537303', 1, 12, '2018-08-23 23:38:04', '2018-08-23 23:38:11', 2, 1, 1, 139, 197),
(304, '524196192304', 1, 50, '2018-08-23 23:38:22', '2018-08-23 23:38:29', 2, 1, 2, 139, 198),
(305, '1750029287305', 1, 6, '2018-08-23 23:38:42', '2018-08-23 23:38:49', 2, 1, 3, 139, 199),
(306, '517120941306', 1, 12, '2018-08-24 00:02:38', '2018-08-24 00:02:45', 2, 1, 1, 140, 238),
(307, '935646403307', 1, 6, '2018-08-24 00:02:54', '2018-08-24 00:03:02', 2, 1, 3, 140, 239),
(308, '1530820696308', 1, 8, '2018-08-24 00:03:12', '2018-08-24 00:03:20', 2, 1, 4, 140, 240),
(309, '1473871763309', 1, 12, '2018-08-24 00:01:44', '2018-08-24 00:01:52', 2, 1, 1, 141, 235),
(310, '89824282310', 1, 6, '2018-08-24 00:02:02', '2018-08-24 00:02:09', 2, 1, 3, 141, 236),
(311, '1870073195311', 1, 8, '2018-08-24 00:02:18', '2018-08-24 00:02:26', 2, 1, 5, 141, 237),
(312, '1244701903312', 1, 6, '2018-08-24 00:00:53', '2018-08-24 00:01:00', 2, 1, 3, 142, 233),
(313, '1000028520313', 1, 6, '2018-08-24 00:01:12', '2018-08-24 00:06:10', 2, 1, 6, 142, 241),
(314, '1266131446314', 1, 4, '2018-08-24 00:01:23', '2018-08-24 00:01:30', 2, 1, 8, 142, 234),
(315, '1704814152315', 1, 8, '2018-08-23 23:59:59', '2018-08-24 00:00:06', 2, 1, 4, 143, 230),
(316, '2070594489316', 1, 4, '2018-08-24 00:00:16', '2018-08-24 00:00:22', 2, 1, 8, 143, 231),
(317, '1556406147317', 1, 4, '2018-08-24 00:00:33', '2018-08-24 00:00:43', 2, 1, 9, 143, 232),
(318, '1790421900318', 1, 8, '2018-08-23 23:58:59', '2018-08-23 23:59:09', 2, 1, 4, 144, 227),
(319, '1126585678319', 1, 6, '2018-08-23 23:59:19', '2018-08-23 23:59:26', 2, 1, 7, 144, 228),
(320, '1342155936320', 1, 4, '2018-08-23 23:59:39', '2018-08-23 23:59:46', 2, 1, 8, 144, 229),
(321, '648732003321', 1, 8, '2018-08-23 23:58:10', '2018-08-23 23:58:17', 2, 1, 5, 145, 224),
(322, '189650195322', 1, 6, '2018-08-23 23:58:26', '2018-08-23 23:58:33', 2, 1, 7, 145, 225),
(323, '607164742323', 1, 4, '2018-08-23 23:58:42', '2018-08-23 23:58:49', 2, 1, 8, 145, 226),
(324, '1454668167324', 1, 6, '2018-08-23 23:57:25', '2018-08-23 23:57:32', 2, 1, 6, 146, 222),
(325, '435645155325', 1, 4, '2018-08-23 23:57:45', '2018-08-23 23:57:52', 2, 1, 9, 146, 223),
(330, '1092991343330', 1, 6, '2018-08-23 23:56:48', '2018-08-23 23:56:58', 2, 1, 6, 149, 220),
(331, '1511638144331', 1, 4, '2018-08-23 23:57:08', '2018-08-23 23:57:15', 2, 1, 9, 149, 221),
(332, '794923589332', 1, 6, '2018-08-23 23:55:58', '2018-08-23 23:56:05', 2, 1, 6, 150, 218),
(333, '334719634333', 1, 4, '2018-08-23 23:56:16', '2018-08-23 23:56:26', 2, 1, 9, 150, 219),
(334, '2083301144334', 1, 6, '2018-08-23 23:55:22', '2018-08-23 23:55:29', 2, 1, 6, 151, 216),
(335, '475801358335', 1, 4, '2018-08-23 23:55:39', '2018-08-23 23:55:47', 2, 1, 9, 151, 217),
(336, '2012222850336', 1, 6, '2018-08-23 23:54:40', '2018-08-23 23:54:48', 2, 1, 6, 152, 214),
(337, '1172272872337', 1, 4, '2018-08-23 23:54:59', '2018-08-23 23:55:09', 2, 1, 9, 152, 215),
(338, '1665281241338', 1, 6, '2018-08-23 23:53:45', '2018-08-23 23:53:55', 2, 1, 6, 153, 212),
(339, '1282070410339', 1, 4, '2018-08-23 23:54:05', '2018-08-23 23:54:15', 2, 1, 9, 153, 213),
(340, '1299496758340', 1, 6, '2018-08-23 23:53:08', '2018-08-23 23:53:15', 2, 1, 6, 154, 210),
(341, '643349175341', 1, 6, '2018-08-23 23:53:26', '2018-08-23 23:53:33', 2, 1, 7, 154, 211),
(342, '929242022342', 1, 6, '2018-08-23 23:52:22', '2018-08-23 23:52:31', 2, 1, 6, 155, 208),
(343, '1351031305343', 1, 6, '2018-08-23 23:52:44', '2018-08-23 23:52:51', 2, 1, 7, 155, 209),
(344, '1319563561344', 1, 6, '2018-08-23 23:51:27', '2018-08-23 23:51:46', 2, 1, 6, 156, 206),
(345, '2040420595345', 1, 6, '2018-08-23 23:51:59', '2018-08-23 23:52:06', 2, 1, 7, 156, 207),
(346, '571615091346', 1, 12, '2018-09-24 00:27:37', '2018-09-24 00:27:46', 2, 1, 1, 157, 255),
(347, '809948468347', 1, 50, '2018-09-24 00:27:56', '2018-09-24 00:28:02', 2, 1, 2, 157, 256),
(348, '1635669643348', 1, 6, '2018-09-24 00:28:12', '2018-09-24 00:28:19', 2, 1, 3, 157, 257),
(349, '341946042349', 1, 12, '2018-09-24 00:24:54', '2018-09-24 00:25:04', 2, 1, 1, 158, 247),
(350, '783322268350', 1, 6, '2018-09-24 00:25:31', '2018-09-24 00:25:37', 2, 1, 3, 158, 248),
(351, '730198566351', 1, 12, '2018-09-24 00:24:35', '2018-09-24 00:24:42', 2, 1, 1, 159, 246),
(352, '291268278352', 1, 8, '2018-09-24 00:26:45', '2018-09-24 00:26:53', 2, 1, 4, 160, 252),
(353, '1760029639353', 1, 6, '2018-09-24 00:27:04', '2018-09-24 00:27:10', 2, 1, 7, 160, 253),
(354, '427959019354', 1, 4, '2018-09-24 00:27:20', '2018-09-24 00:27:26', 2, 1, 9, 160, 254),
(355, '1145271773355', 1, 8, '2018-09-24 00:25:50', '2018-09-24 00:25:56', 2, 1, 4, 161, 249),
(356, '98189416356', 1, 8, '2018-09-24 00:26:06', '2018-09-24 00:26:13', 2, 1, 5, 161, 250),
(357, '1403004330357', 1, 4, '2018-09-24 00:26:28', '2018-09-24 00:26:34', 2, 1, 8, 161, 251),
(358, '89984743358', 1, 6, '2018-09-24 00:22:59', '2018-09-24 00:23:05', 2, 1, 7, 162, 244),
(359, '438980536359', 1, 4, '2018-09-24 00:23:58', '2018-09-24 00:24:09', 2, 1, 9, 162, 245),
(360, '1114249697360', 1, 6, '2018-09-24 00:22:18', '2018-09-24 00:22:30', 2, 1, 6, 163, 242),
(361, '2053029978361', 1, 4, '2018-09-24 00:22:40', '2018-09-24 00:22:46', 2, 1, 9, 163, 243),
(362, '1478588879362', 1, 8, '2018-10-24 00:50:31', '2018-10-24 00:50:37', 2, 1, 4, 164, 280),
(363, '2098378927363', 1, 6, '2018-10-24 00:50:46', '2018-10-24 00:50:52', 2, 1, 6, 164, 281),
(364, '1898014867364', 1, 4, '2018-10-24 00:51:02', '2018-10-24 00:51:09', 2, 1, 8, 164, 282),
(365, '1249041556365', 1, 8, '2018-10-24 00:49:41', '2018-10-24 00:49:49', 2, 1, 5, 165, 279),
(366, '1722624951366', 1, 6, '2018-10-24 00:49:55', '2018-10-24 00:51:41', 2, 1, 7, 165, 283),
(367, '1182509954367', 1, 4, '2018-10-24 00:50:03', '2018-10-24 00:52:07', 2, 1, 9, 165, 284),
(368, '473544249368', 1, 8, '2018-10-24 00:46:59', '2018-10-24 00:47:08', 2, 1, 5, 166, 276),
(369, '1070154940369', 1, 4, '2018-10-24 00:47:18', '2018-10-24 00:47:25', 2, 1, 8, 166, 277),
(370, '64304864370', 1, 4, '2018-10-24 00:47:37', '2018-10-24 00:47:44', 2, 1, 9, 166, 278),
(371, '1888327908371', 1, 8, '2018-10-24 00:46:13', '2018-10-24 00:46:19', 2, 1, 4, 167, 273),
(372, '1273928784372', 1, 6, '2018-10-24 00:46:29', '2018-10-24 00:46:36', 2, 1, 6, 167, 274),
(373, '1996776710373', 1, 4, '2018-10-24 00:46:43', '2018-10-24 00:46:49', 2, 1, 9, 167, 275),
(374, '1139101205374', 1, 8, '2018-10-24 00:45:09', '2018-10-24 00:45:16', 2, 1, 4, 168, 271),
(375, '1867007857375', 1, 6, '2018-10-24 00:45:25', '2018-10-24 00:45:38', 2, 1, 6, 168, 272),
(376, '17732924376', 1, 8, '2018-10-24 00:44:33', '2018-10-24 00:44:39', 2, 1, 4, 169, 269),
(377, '1550503865377', 1, 6, '2018-10-24 00:44:52', '2018-10-24 00:44:59', 2, 1, 6, 169, 270),
(378, '870622913378', 1, 12, '2018-10-24 00:43:39', '2018-10-24 00:43:46', 2, 1, 1, 170, 266),
(379, '85120984379', 1, 50, '2018-10-24 00:43:56', '2018-10-24 00:44:02', 2, 1, 2, 170, 267),
(380, '1046782249380', 1, 6, '2018-10-24 00:44:11', '2018-10-24 00:44:18', 2, 1, 3, 170, 268),
(381, '440014683381', 1, 6, '2018-10-24 00:42:46', '2018-10-24 00:42:53', 2, 1, 3, 171, 263),
(382, '2077376916382', 1, 8, '2018-10-24 00:43:00', '2018-10-24 00:43:07', 2, 1, 5, 171, 264),
(383, '835672884383', 1, 6, '2018-10-24 00:43:14', '2018-10-24 00:43:20', 2, 1, 7, 171, 265),
(384, '101204619384', 1, 12, '2018-10-24 00:41:59', '2018-10-24 00:42:06', 2, 1, 1, 172, 260),
(385, '1416298945385', 1, 6, '2018-10-24 00:42:13', '2018-10-24 00:42:20', 2, 1, 3, 172, 261),
(386, '2023404141386', 1, 6, '2018-10-24 00:42:29', '2018-10-24 00:42:35', 2, 1, 6, 172, 262),
(387, '1219408896387', 1, 6, '2018-10-24 00:41:26', '2018-10-24 00:41:33', 2, 1, 7, 173, 258),
(388, '1716542403388', 1, 4, '2018-10-24 00:41:42', '2018-10-24 00:41:49', 2, 1, 9, 173, 259),
(389, '257019981389', 1, 12, '2018-11-24 00:58:28', '2018-11-24 00:58:35', 2, 1, 1, 174, 291),
(390, '808474977390', 1, 50, '2018-11-24 00:58:44', '2018-11-24 00:58:51', 2, 1, 2, 174, 292),
(391, '952672631391', 1, 6, '2018-11-24 00:59:00', '2018-11-24 00:59:07', 2, 1, 3, 174, 293),
(392, '22053095392', 1, 12, '2018-11-24 00:57:45', '2018-11-24 00:57:50', 2, 1, 1, 175, 288),
(393, '2100902322393', 1, 50, '2018-11-24 00:58:00', '2018-11-24 00:58:06', 2, 1, 2, 175, 289),
(394, '2092535814394', 1, 6, '2018-11-24 00:58:16', '2018-11-24 00:58:21', 2, 1, 3, 175, 290),
(395, '1166148618395', 1, 12, '2018-11-24 00:56:54', '2018-11-24 00:57:04', 2, 1, 1, 176, 285),
(396, '1033582484396', 1, 50, '2018-11-24 00:57:15', '2018-11-24 00:57:21', 2, 1, 2, 176, 286),
(397, '367225860397', 1, 6, '2018-11-24 00:57:28', '2018-11-24 00:57:35', 2, 1, 3, 176, 287),
(398, '1836276823398', 1, 12, '2018-11-24 01:07:16', '2018-11-24 01:07:22', 2, 1, 1, 177, 294),
(399, '1287276154399', 1, 6, '2018-11-24 01:07:32', '2018-11-24 01:07:38', 2, 1, 3, 177, 295),
(400, '1437540730400', 1, 12, '2018-11-24 01:07:54', '2018-11-24 01:08:00', 2, 1, 1, 178, 296),
(401, '1834572012401', 1, 8, '2018-11-24 01:08:09', '2018-11-24 01:08:15', 2, 1, 4, 179, 297),
(402, '228188952402', 1, 6, '2018-11-24 01:08:56', '2018-11-24 01:09:02', 2, 1, 7, 179, 298),
(403, '1423548597403', 1, 8, '2018-11-24 01:09:12', '2018-11-24 01:09:21', 2, 1, 5, 180, 299),
(404, '1096312817404', 1, 4, '2018-11-24 01:09:45', '2018-11-24 01:09:53', 2, 1, 8, 180, 300),
(405, '1997808359405', 1, 6, '2018-11-24 01:15:12', '2018-11-24 01:15:19', 2, 1, 6, 181, 315),
(406, '934478846406', 1, 4, '2018-11-24 01:15:25', '2018-11-24 01:15:31', 2, 1, 9, 181, 316),
(407, '1911884304407', 1, 8, '2018-11-24 01:14:24', '2018-11-24 01:14:30', 2, 1, 4, 182, 312),
(408, '667235820408', 1, 6, '2018-11-24 01:14:36', '2018-11-24 01:14:44', 2, 1, 7, 182, 313),
(409, '769353555409', 1, 4, '2018-11-24 01:14:54', '2018-11-24 01:15:01', 2, 1, 8, 182, 314),
(410, '1691811218410', 1, 8, '2018-11-24 01:13:40', '2018-11-24 01:13:47', 2, 1, 5, 183, 309),
(411, '1650252023411', 1, 6, '2018-11-24 01:13:53', '2018-11-24 01:14:01', 2, 1, 6, 183, 310),
(412, '634838070412', 1, 4, '2018-11-24 01:14:08', '2018-11-24 01:14:14', 2, 1, 9, 183, 311),
(413, '593460022413', 1, 8, '2018-11-24 01:12:58', '2018-11-24 01:13:06', 2, 1, 4, 184, 307),
(414, '868721160414', 1, 4, '2018-11-24 01:13:12', '2018-11-24 01:13:17', 2, 1, 8, 184, 308),
(419, '1437632226419', 1, 8, '2018-11-24 01:12:31', '2018-11-24 01:12:37', 2, 1, 4, 187, 305),
(420, '1968064364420', 1, 4, '2018-11-24 01:12:45', '2018-11-24 01:12:51', 2, 1, 8, 187, 306),
(421, '1993203598421', 1, 8, '2018-11-24 01:11:56', '2018-11-24 01:12:04', 2, 1, 4, 188, 303),
(422, '613674165422', 1, 4, '2018-11-24 01:12:14', '2018-11-24 01:12:20', 2, 1, 8, 188, 304),
(429, '569472693429', 1, 8, '2018-11-24 01:11:22', '2018-11-24 01:11:29', 2, 1, 4, 193, 301),
(430, '1203055123430', 1, 6, '2018-11-24 01:11:38', '2018-11-24 01:11:45', 2, 1, 7, 193, 302),
(431, '645597760431', 1, 12, '2018-12-24 01:27:42', '2018-12-24 01:27:49', 2, 1, 1, 194, 325),
(432, '1393857106432', 1, 50, '2018-12-24 01:27:56', '2018-12-24 01:28:02', 2, 1, 2, 194, 326),
(433, '2007987706433', 1, 6, '2018-12-24 01:28:09', '2018-12-24 01:30:00', 2, 1, 3, 194, 329),
(434, '253268301434', 1, 50, '2018-12-24 01:28:38', '2018-12-24 01:28:44', 2, 1, 2, 195, 328),
(435, '1280750855435', 1, 50, '2018-12-24 01:28:22', '2018-12-24 01:28:29', 2, 1, 2, 196, 327),
(436, '1792602504436', 1, 8, '2018-12-24 01:26:58', '2018-12-24 01:27:05', 2, 1, 5, 197, 322),
(437, '931630963437', 1, 6, '2018-12-24 01:27:11', '2018-12-24 01:27:18', 2, 1, 6, 197, 323),
(438, '316777742438', 1, 4, '2018-12-24 01:27:25', '2018-12-24 01:27:32', 2, 1, 8, 197, 324),
(439, '665171511439', 1, 6, '2018-12-24 01:26:13', '2018-12-24 01:26:19', 2, 1, 6, 198, 319),
(440, '717861077440', 1, 6, '2018-12-24 01:26:26', '2018-12-24 01:26:32', 2, 1, 7, 198, 320),
(441, '1219067054441', 1, 4, '2018-12-24 01:26:39', '2018-12-24 01:26:46', 2, 1, 9, 198, 321),
(442, '1530186433442', 1, 8, '2018-12-24 01:25:28', '2018-12-24 01:25:34', 2, 1, 4, 199, 317),
(443, '176172705443', 1, 6, '2018-12-24 01:25:43', '2018-12-24 01:30:13', 2, 1, 7, 199, 330),
(444, '25210845444', 1, 4, '2018-12-24 01:25:56', '2018-12-24 01:26:03', 2, 1, 8, 199, 318),
(445, '1851557421445', 1, 12, '2019-01-10 02:30:58', '2019-01-10 02:31:04', 2, 1, 1, 200, 331),
(446, '914549203446', 1, 50, '2019-01-10 02:31:12', '2019-01-10 02:31:17', 2, 1, 2, 200, 332),
(447, '885555156447', 1, 6, '2019-01-10 02:31:26', '2019-01-10 02:31:31', 2, 1, 3, 200, 333),
(448, '1804909796448', 1, 12, '2019-01-10 02:31:39', '2019-01-10 02:31:44', 2, 1, 1, 201, 334),
(449, '332932310449', 1, 50, '2019-01-10 02:31:53', '2019-01-10 02:31:58', 2, 1, 2, 201, 335),
(450, '741696812450', 1, 12, '2019-01-10 02:32:09', '2019-01-10 02:32:16', 2, 1, 1, 202, 336),
(451, '366412307451', 1, 8, '2019-01-10 02:32:30', '2019-01-10 02:32:36', 2, 1, 4, 203, 337),
(452, '122443262452', 1, 8, '2019-01-10 02:33:16', '2019-01-10 02:33:22', 2, 1, 5, 203, 338),
(453, '1393413364453', 1, 6, '2019-01-10 02:33:36', '2019-01-10 02:33:41', 2, 1, 6, 203, 339),
(454, '167382182454', 1, 6, '2019-01-10 02:39:50', '2019-01-10 02:39:55', 2, 1, 7, 204, 360),
(455, '1364936204455', 1, 4, '2019-01-10 02:40:56', '2019-01-10 02:41:01', 2, 1, 8, 204, 362),
(456, '1932251365456', 1, 4, '2019-01-10 02:40:32', '2019-01-10 02:40:38', 2, 1, 9, 204, 361),
(457, '965768409457', 1, 8, '2019-01-10 02:39:04', '2019-01-10 02:39:14', 2, 1, 5, 205, 357),
(458, '2092383846458', 1, 6, '2019-01-10 02:39:20', '2019-01-10 02:39:26', 2, 1, 6, 205, 358),
(459, '2075025637459', 1, 4, '2019-01-10 02:39:32', '2019-01-10 02:39:38', 2, 1, 9, 205, 359),
(460, '829913324460', 1, 8, '2019-01-10 02:38:27', '2019-01-10 02:38:32', 2, 1, 4, 206, 355),
(461, '1490704844461', 1, 6, '2019-01-10 02:38:37', '2019-01-10 02:38:43', 2, 1, 6, 206, 356),
(462, '73277908462', 1, 4, '2019-01-10 02:38:50', '2019-01-10 02:42:01', 2, 1, 8, 206, 363),
(463, '370918892463', 1, 8, '2019-01-10 02:37:46', '2019-01-10 02:37:51', 2, 1, 4, 207, 352),
(464, '1766582131464', 1, 8, '2019-01-10 02:37:57', '2019-01-10 02:38:02', 2, 1, 5, 207, 353),
(465, '487239218465', 1, 6, '2019-01-10 02:38:11', '2019-01-10 02:38:16', 2, 1, 6, 207, 354),
(466, '109639135466', 1, 8, '2019-01-10 02:36:57', '2019-01-10 02:37:03', 2, 1, 5, 208, 349),
(467, '453684896467', 1, 6, '2019-01-10 02:37:08', '2019-01-10 02:37:14', 2, 1, 6, 208, 350),
(468, '1673365967468', 1, 4, '2019-01-10 02:37:22', '2019-01-10 02:37:28', 2, 1, 9, 208, 351),
(469, '432906827469', 1, 8, '2019-01-10 02:35:43', '2019-01-10 02:36:11', 2, 1, 5, 209, 346),
(470, '776973915470', 1, 6, '2019-01-10 02:36:16', '2019-01-10 02:36:22', 2, 1, 6, 209, 347),
(471, '1595197771471', 1, 4, '2019-01-10 02:36:33', '2019-01-10 02:36:39', 2, 1, 9, 209, 348),
(472, '427965125472', 1, 8, '2019-01-10 02:34:50', '2019-01-10 02:34:56', 2, 1, 5, 210, 343),
(473, '288340168473', 1, 6, '2019-01-10 02:35:02', '2019-01-10 02:35:08', 2, 1, 6, 210, 344),
(474, '1010475071474', 1, 4, '2019-01-10 02:35:17', '2019-01-10 02:35:23', 2, 1, 9, 210, 345),
(475, '2096909710475', 1, 8, '2019-01-10 02:34:22', '2019-01-10 02:34:28', 2, 1, 5, 211, 341),
(476, '1442085294476', 1, 6, '2019-01-10 02:34:35', '2019-01-10 02:34:42', 2, 1, 6, 211, 342),
(477, '1776726407477', 1, 8, '2019-01-10 02:34:08', '2019-01-10 02:34:14', 2, 1, 5, 212, 340),
(478, '404855644478', 1, 8, '2019-01-10 02:44:15', '2019-01-10 02:44:22', 2, 1, 4, 213, 364),
(479, '2010863023479', 1, 6, '2019-01-10 02:44:31', '2019-01-10 02:45:11', 2, 1, 6, 213, 365),
(480, '1690363326480', 1, 12, '2019-02-10 02:56:42', '2019-02-10 02:56:57', 2, 1, 1, 214, 381),
(481, '1331115364481', 1, 50, '2019-02-10 02:57:05', '2019-02-10 02:57:11', 2, 1, 2, 214, 382),
(482, '834252329482', 1, 6, '2019-02-10 02:57:19', '2019-02-10 02:57:25', 2, 1, 3, 214, 383),
(483, '1391526666483', 1, 12, '2019-02-10 02:57:46', '2019-02-10 02:57:52', 2, 1, 1, 215, 385),
(484, '2079104972484', 1, 6, '2019-02-10 02:57:34', '2019-02-10 02:57:39', 2, 1, 3, 215, 384),
(485, '69033885485', 1, 6, '2019-02-10 02:58:12', '2019-02-10 02:58:18', 2, 1, 3, 216, 386),
(486, '1976405949486', 1, 8, '2019-02-10 02:56:00', '2019-02-10 02:59:22', 2, 1, 4, 217, 387),
(487, '712328875487', 1, 8, '2019-02-10 02:56:12', '2019-02-10 02:56:18', 2, 1, 5, 217, 379),
(488, '1658434378488', 1, 6, '2019-02-10 02:56:24', '2019-02-10 02:56:31', 2, 1, 6, 217, 380),
(489, '1492678285489', 1, 6, '2019-02-10 02:55:20', '2019-02-10 02:55:26', 2, 1, 7, 218, 376),
(490, '1844211016490', 1, 4, '2019-02-10 02:55:34', '2019-02-10 02:55:40', 2, 1, 8, 218, 377),
(491, '235416912491', 1, 4, '2019-02-10 02:55:46', '2019-02-10 02:55:51', 2, 1, 9, 218, 378),
(492, '260829790492', 1, 8, '2019-02-10 02:54:30', '2019-02-10 02:54:54', 2, 1, 4, 219, 374),
(493, '740223952493', 1, 4, '2019-02-10 02:54:40', '2019-02-10 02:59:48', 2, 1, 8, 219, 388),
(494, '260440665494', 1, 4, '2019-02-10 02:55:04', '2019-02-10 02:55:09', 2, 1, 9, 219, 375),
(495, '401469738495', 1, 8, '2019-02-10 02:53:50', '2019-02-10 02:53:55', 2, 1, 4, 220, 371),
(496, '607245780496', 1, 6, '2019-02-10 02:54:04', '2019-02-10 02:54:09', 2, 1, 6, 220, 372),
(497, '783261063497', 1, 4, '2019-02-10 02:54:17', '2019-02-10 02:54:22', 2, 1, 9, 220, 373),
(498, '1501194776498', 1, 8, '2019-02-10 02:52:30', '2019-02-10 02:52:36', 2, 1, 5, 221, 368),
(499, '1134642373499', 1, 4, '2019-02-10 02:52:43', '2019-02-10 02:52:52', 2, 1, 8, 221, 369),
(500, '892758447500', 1, 4, '2019-02-10 02:53:27', '2019-02-10 02:53:39', 2, 1, 9, 221, 370),
(501, '1279986780501', 1, 8, '2019-02-10 02:51:33', '2019-02-10 02:51:42', 2, 1, 5, 222, 366),
(502, '276117588502', 1, 6, '2019-02-10 02:51:50', '2019-02-10 02:51:55', 2, 1, 6, 222, 367),
(503, '2137318371503', 1, 4, '2019-02-10 02:52:03', '2019-02-10 03:00:15', 2, 1, 9, 222, 389),
(504, '2142018867504', 1, 8, '2019-02-10 03:01:41', '2019-02-10 03:01:48', 2, 1, 4, 223, 390),
(505, '745065518505', 1, 8, '2019-02-10 03:01:53', '2019-02-10 03:01:59', 2, 1, 5, 223, 391),
(506, '429648479506', 1, 6, '2019-02-10 03:04:34', '2019-02-10 03:04:39', 2, 1, 3, 224, 394),
(507, '606319679507', 1, 6, '2019-02-10 03:04:17', '2019-02-10 03:04:22', 2, 1, 3, 225, 393),
(508, '1954433740508', 1, 6, '2019-02-10 03:04:02', '2019-02-10 03:04:08', 2, 1, 3, 226, 392),
(509, '443660010509', 1, 12, '2019-03-10 03:18:34', '2019-03-10 03:18:41', 2, 1, 1, 227, 410),
(510, '1125503923510', 1, 50, '2019-03-10 03:18:49', '2019-03-10 03:18:59', 2, 1, 2, 227, 411),
(511, '1080041176511', 1, 6, '2019-03-10 03:19:06', '2019-03-10 03:19:12', 2, 1, 3, 227, 412),
(512, '113038016512', 1, 12, '2019-03-10 03:17:05', '2019-03-10 03:17:13', 2, 1, 1, 228, 407),
(513, '1441976357513', 1, 50, '2019-03-10 03:17:20', '2019-03-10 03:17:27', 2, 1, 2, 228, 408),
(514, '485525626514', 1, 6, '2019-03-10 03:17:35', '2019-03-10 03:17:43', 2, 1, 3, 228, 409),
(515, '320969515515', 1, 8, '2019-03-10 03:16:18', '2019-03-10 03:16:26', 2, 1, 4, 229, 404),
(516, '1979744447516', 1, 8, '2019-03-10 03:16:32', '2019-03-10 03:16:40', 2, 1, 5, 229, 405),
(517, '615743694517', 1, 6, '2019-03-10 03:16:48', '2019-03-10 03:16:56', 2, 1, 6, 229, 406),
(518, '1697468737518', 1, 8, '2019-03-10 03:15:23', '2019-03-10 03:15:31', 2, 1, 4, 230, 401),
(519, '1098239879519', 1, 8, '2019-03-10 03:15:41', '2019-03-10 03:15:48', 2, 1, 5, 230, 402),
(520, '1940534243520', 1, 6, '2019-03-10 03:16:00', '2019-03-10 03:16:08', 2, 1, 6, 230, 403),
(521, '496083436521', 1, 8, '2019-03-10 03:11:58', '2019-03-10 03:14:02', 2, 1, 4, 231, 398),
(522, '720746732522', 1, 8, '2019-03-10 03:14:45', '2019-03-10 03:14:53', 2, 1, 5, 231, 399),
(523, '1813451965523', 1, 6, '2019-03-10 03:15:02', '2019-03-10 03:15:10', 2, 1, 6, 231, 400),
(524, '638149361524', 1, 6, '2019-03-10 03:10:26', '2019-03-10 03:10:34', 2, 1, 7, 232, 395),
(525, '2145005235525', 1, 4, '2019-03-10 03:10:43', '2019-03-10 03:10:50', 2, 1, 8, 232, 396),
(526, '1801109104526', 1, 4, '2019-03-10 03:10:58', '2019-03-10 03:11:12', 2, 1, 9, 232, 397),
(527, '607724188527', 1, 8, '2019-04-10 03:33:01', '2019-04-10 03:40:42', 2, 0, 5, 233, 446),
(528, '1708316595528', 1, 6, '2019-04-10 03:33:14', '2019-04-10 03:33:20', 2, 1, 7, 233, 429),
(529, '1761689844529', 1, 8, '2019-04-10 03:32:37', '2019-04-10 03:32:43', 2, 1, 5, 234, 427),
(530, '1112359109530', 1, 6, '2019-04-10 03:32:48', '2019-04-10 03:32:53', 2, 1, 7, 234, 428),
(531, '1140043158531', 1, 8, '2019-04-10 03:32:08', '2019-04-10 03:32:14', 2, 1, 5, 235, 425),
(532, '1236388609532', 1, 6, '2019-04-10 03:32:19', '2019-04-10 03:32:25', 2, 1, 7, 235, 426),
(533, '1833879711533', 1, 8, '2019-04-10 03:33:51', '2019-04-10 03:33:56', 2, 1, 5, 236, 431),
(534, '371344193534', 1, 6, '2019-04-10 03:33:38', '2019-04-10 03:33:43', 2, 1, 7, 236, 430),
(535, '538947160535', 1, 8, '2019-04-10 03:34:19', '2019-04-10 03:34:25', 2, 1, 5, 237, 433),
(536, '836025180536', 1, 6, '2019-04-10 03:34:05', '2019-04-10 03:34:11', 2, 1, 7, 237, 432),
(537, '816426876537', 1, 8, '2019-04-10 03:34:58', '2019-04-10 03:35:03', 2, 1, 5, 238, 434),
(538, '859912472538', 1, 6, '2019-04-10 03:35:12', '2019-04-10 03:35:17', 2, 1, 7, 238, 435),
(543, '1163831522543', 1, 8, '2019-04-10 03:35:25', '2019-04-10 03:35:30', 2, 1, 5, 241, 436),
(544, '410195390544', 1, 6, '2019-04-10 03:35:35', '2019-04-10 03:40:54', 2, 1, 7, 241, 447),
(545, '349168165545', 1, 8, '2019-04-10 03:38:52', '2019-04-10 03:38:59', 2, 1, 5, 242, 445),
(546, '626065224546', 1, 8, '2019-04-10 03:31:22', '2019-04-10 03:31:29', 2, 1, 4, 243, 422),
(547, '929763924547', 1, 6, '2019-04-10 03:31:34', '2019-04-10 03:31:40', 2, 1, 6, 243, 423),
(548, '478819593548', 1, 4, '2019-04-10 03:31:46', '2019-04-10 03:31:52', 2, 1, 9, 243, 424),
(549, '562763729549', 1, 8, '2019-04-10 03:30:40', '2019-04-10 03:30:46', 2, 1, 4, 244, 419),
(550, '803808657550', 1, 6, '2019-04-10 03:30:54', '2019-04-10 03:31:00', 2, 1, 6, 244, 420),
(551, '1916462695551', 1, 6, '2019-04-10 03:31:08', '2019-04-10 03:31:14', 2, 1, 7, 244, 421),
(552, '298355120552', 1, 8, '2019-04-10 03:29:57', '2019-04-10 03:30:02', 2, 1, 4, 245, 416),
(553, '1327911339553', 1, 6, '2019-04-10 03:30:07', '2019-04-10 03:30:13', 2, 1, 6, 245, 417),
(554, '145737991554', 1, 4, '2019-04-10 03:30:21', '2019-04-10 03:30:29', 2, 1, 8, 245, 418),
(555, '1163127845555', 1, 8, '2019-04-10 03:29:09', '2019-04-10 03:29:14', 2, 1, 4, 246, 413),
(556, '1204740663556', 1, 6, '2019-04-10 03:29:24', '2019-04-10 03:29:29', 2, 1, 6, 246, 414),
(557, '1454911782557', 1, 4, '2019-04-10 03:29:40', '2019-04-10 03:29:45', 2, 1, 8, 246, 415),
(558, '919728416558', 1, 12, '2019-04-10 03:36:28', '2019-04-10 03:36:36', 2, 1, 1, 247, 439),
(559, '1930718931559', 1, 8, '2019-04-10 03:36:45', '2019-04-10 03:36:50', 2, 1, 4, 247, 440),
(560, '927833029560', 1, 12, '2019-04-10 03:35:56', '2019-04-10 03:36:02', 2, 1, 1, 248, 437),
(561, '1597513570561', 1, 8, '2019-04-10 03:36:07', '2019-04-10 03:36:13', 2, 1, 4, 248, 438),
(562, '1773285999562', 1, 12, '2019-04-10 03:37:36', '2019-04-10 03:37:42', 2, 1, 1, 249, 442),
(563, '457596518563', 1, 8, '2019-04-10 03:37:22', '2019-04-10 03:37:28', 2, 1, 4, 249, 441),
(564, '1989272924564', 1, 50, '2019-04-10 03:37:50', '2019-04-10 03:37:55', 2, 1, 2, 250, 443),
(565, '20811016565', 1, 6, '2019-04-10 03:38:38', '2019-04-10 03:41:12', 2, 1, 3, 250, 448),
(566, '1827301082566', 1, 6, '2019-04-10 03:38:18', '2019-04-10 03:38:24', 2, 1, 3, 251, 444),
(567, '898907200567', 1, 8, '2019-04-10 03:44:55', '2019-04-10 03:45:07', 2, 1, 5, 252, 449),
(568, '1378782519568', 1, 6, '2019-05-27 11:27:40', '2019-05-27 11:28:04', 2, 0, 7, 253, 450),
(569, '990334556569', 1, 12, '2019-05-28 07:02:46', '2019-05-28 07:02:51', 2, 1, 1, 254, 457),
(570, '1953781442570', 1, 50, '2019-05-28 07:03:01', '2019-05-28 07:03:06', 2, 1, 2, 254, 458),
(571, '623414948571', 1, 6, '2019-05-28 07:03:15', '2019-05-28 07:03:20', 2, 0, 3, 254, 459),
(572, '281560109572', 1, 8, '2019-05-28 07:01:59', '2019-05-28 07:02:05', 2, 1, 4, 255, 454),
(573, '583373761573', 1, 8, '2019-05-28 07:02:14', '2019-05-28 07:02:19', 2, 1, 5, 255, 455),
(574, '1243623620574', 1, 6, '2019-05-28 07:02:31', '2019-05-28 07:02:37', 2, 1, 6, 255, 456),
(575, '964115809575', 1, 6, '2019-05-28 07:01:11', '2019-05-28 07:01:17', 2, 1, 7, 256, 451),
(576, '1870374419576', 1, 4, '2019-05-28 07:01:27', '2019-05-28 07:01:32', 2, 1, 8, 256, 452),
(577, '2080965651577', 1, 4, '2019-05-28 07:01:42', '2019-05-28 07:01:48', 2, 1, 9, 256, 453),
(578, '2780856578', 1, 4, '2019-05-28 07:05:53', '0000-00-00 00:00:00', 1, 0, 8, 257, NULL),
(579, '233142801579', 1, 4, '0000-00-00 00:00:00', '0000-00-00 00:00:00', 0, 0, 9, 257, NULL),
(580, '1282809069580', 1, 8, '2019-05-28 07:32:43', '2019-05-28 07:33:04', 2, 0, 5, 258, 460),
(581, '103184838581', 1, 6, '2019-05-28 12:59:04', '2019-05-28 12:59:48', 2, 1, 3, 259, 461),
(582, '398716042582', 1, 8, '2019-05-28 13:00:07', '2019-05-28 13:00:25', 2, 1, 4, 259, 462);

-- --------------------------------------------------------

--
-- Table structure for table `used_rating`
--

CREATE TABLE `used_rating` (
  `rating_id` int(11) NOT NULL,
  `list_id` int(11) NOT NULL,
  `fac_id` int(11) DEFAULT NULL,
  `rating` int(11) NOT NULL
) ENGINE=InnoDB DEFAULT CHARSET=latin1;

--
-- Dumping data for table `used_rating`
--

INSERT INTO `used_rating` (`rating_id`, `list_id`, `fac_id`, `rating`) VALUES
(1, 209, 1, 5),
(2, 281, 1, 5),
(3, 200, 1, 5),
(4, 303, 1, 4),
(5, 228, 1, 3),
(6, 300, 1, 2),
(7, 249, 1, 1),
(8, 297, 1, 3),
(9, 278, 1, 1),
(10, 309, 1, 2),
(11, 395, 1, 5),
(12, 392, 1, 2),
(13, 306, 1, 2),
(14, 201, 4, 5),
(15, 389, 1, 5),
(16, 398, 1, 5),
(17, 203, 2, 1),
(18, 225, 2, 2),
(19, 231, 2, 3),
(20, 216, 2, 4),
(21, 292, 2, 5),
(22, 219, 3, 4),
(23, 202, 7, 1),
(24, 282, 2, 5),
(25, 304, 2, 5),
(26, 301, 2, 5),
(27, 229, 3, 5),
(28, 257, 3, 5),
(29, 221, 7, 5),
(30, 247, 7, 5),
(31, 218, 7, 1),
(32, 277, 7, 1),
(33, 400, 1, 4),
(34, 351, 1, 4),
(35, 290, 2, 4),
(36, 298, 2, 4),
(37, 254, 3, 4),
(38, 206, 3, 4),
(39, 274, 4, 4),
(40, 226, 4, 4),
(41, 345, 7, 4),
(42, 234, 7, 4),
(43, 431, 1, 3),
(44, 445, 1, 3),
(45, 349, 1, 3),
(46, 396, 2, 3),
(47, 393, 2, 3),
(48, 347, 2, 3),
(49, 258, 4, 3),
(50, 255, 4, 3),
(51, 287, 7, 3),
(52, 448, 1, 2),
(53, 390, 2, 2),
(54, 275, 3, 2),
(55, 250, 4, 2),
(56, 341, 7, 2),
(57, 291, 4, 1),
(58, 319, 7, 1),
(59, 220, 5, 1),
(60, 230, 5, 2),
(61, 251, 5, 3),
(62, 243, 5, 4),
(63, 204, 5, 5),
(64, 222, 5, 5),
(65, 217, 6, 1),
(66, 244, 6, 2),
(67, 344, 6, 2),
(68, 207, 6, 3),
(69, 266, 6, 4),
(70, 233, 6, 5),
(71, 264, 6, 5),
(72, 295, 6, 4),
(73, 342, 6, 4),
(74, 338, 6, 5),
(75, 259, 8, 1),
(76, 256, 8, 2),
(77, 323, 8, 2),
(78, 404, 8, 4),
(79, 422, 8, 4),
(80, 205, 8, 5),
(81, 223, 8, 5),
(82, 273, 8, 5),
(83, 267, 8, 5),
(84, 245, 9, 5),
(85, 280, 9, 5),
(86, 224, 9, 4),
(87, 211, 9, 4),
(88, 208, 9, 3),
(89, 261, 9, 3),
(90, 236, 9, 3),
(91, 339, 9, 2),
(92, 337, 9, 2),
(93, 412, 9, 2),
(94, 289, 9, 1),
(95, 406, 9, 1),
(96, 450, 1, 5),
(97, 512, 1, 5),
(98, 346, 1, 5),
(99, 384, 1, 5),
(100, 378, 1, 5),
(101, 432, 2, 5),
(102, 379, 2, 5),
(103, 435, 2, 5),
(104, 434, 2, 5),
(105, 397, 3, 5),
(106, 283, 3, 5),
(107, 394, 3, 5),
(108, 305, 3, 5),
(109, 391, 3, 5),
(110, 302, 3, 5),
(111, 401, 4, 5),
(112, 429, 4, 5),
(113, 272, 4, 5),
(114, 271, 4, 5),
(115, 421, 4, 5),
(116, 343, 7, 5),
(117, 322, 7, 5),
(118, 402, 7, 5),
(119, 430, 7, 5),
(120, 358, 7, 5),
(121, 279, 5, 5),
(122, 210, 5, 5),
(123, 276, 5, 5),
(124, 227, 5, 5),
(125, 336, 6, 5),
(126, 293, 6, 5),
(127, 420, 8, 5),
(128, 235, 8, 5),
(129, 414, 8, 5),
(130, 248, 8, 5),
(131, 409, 8, 5),
(132, 441, 9, 5),
(133, 335, 9, 5),
(134, 474, 9, 5),
(135, 333, 9, 5),
(136, 509, 1, 5),
(137, 560, 1, 5),
(138, 558, 1, 4),
(139, 562, 1, 4),
(140, 480, 1, 4),
(141, 483, 1, 4),
(142, 446, 2, 5),
(143, 481, 2, 4),
(144, 481, 2, 4),
(145, 449, 2, 4),
(146, 513, 2, 4),
(147, 510, 2, 4),
(148, 399, 3, 4),
(149, 433, 3, 4),
(150, 447, 3, 4),
(151, 299, 3, 4),
(152, 312, 3, 4),
(153, 514, 3, 5),
(154, 511, 3, 5),
(155, 419, 4, 4),
(156, 413, 4, 4),
(157, 407, 4, 4),
(158, 270, 4, 4),
(159, 268, 4, 4),
(160, 442, 4, 4),
(161, 451, 4, 4),
(162, 408, 7, 4),
(163, 353, 7, 4),
(164, 387, 7, 4),
(165, 321, 5, 4),
(166, 403, 5, 4),
(167, 269, 5, 4),
(168, 411, 6, 4),
(169, 286, 6, 4),
(170, 405, 6, 4),
(171, 340, 6, 4),
(172, 334, 6, 4),
(173, 296, 8, 4),
(174, 444, 8, 4),
(175, 294, 8, 4),
(176, 438, 8, 4),
(177, 499, 8, 4),
(178, 288, 8, 4),
(179, 490, 8, 4),
(180, 500, 9, 4),
(181, 331, 9, 4),
(182, 497, 9, 4),
(183, 325, 9, 4),
(184, 564, 2, 3),
(185, 566, 3, 4),
(186, 565, 3, 3),
(187, 310, 3, 5),
(188, 307, 3, 5),
(189, 350, 3, 3),
(190, 348, 3, 3),
(191, 385, 3, 3),
(192, 381, 3, 3),
(193, 380, 3, 2),
(194, 482, 3, 2),
(195, 484, 3, 5),
(196, 232, 4, 3),
(197, 265, 4, 3),
(198, 440, 7, 3),
(199, 383, 7, 3),
(200, 443, 7, 5),
(201, 489, 7, 5),
(202, 544, 7, 5),
(203, 538, 7, 5),
(204, 410, 5, 3),
(205, 263, 5, 3),
(206, 436, 5, 3),
(207, 253, 5, 5),
(208, 452, 5, 5),
(209, 477, 5, 5),
(210, 475, 5, 5),
(211, 472, 5, 5),
(212, 464, 5, 5),
(213, 501, 5, 1),
(214, 498, 5, 2),
(215, 487, 5, 2),
(216, 531, 5, 5),
(217, 439, 6, 5),
(218, 437, 6, 5),
(219, 453, 6, 4),
(220, 476, 6, 4),
(221, 320, 8, 4),
(222, 316, 8, 5),
(223, 493, 8, 5),
(224, 314, 8, 4),
(225, 317, 9, 4),
(226, 361, 9, 4),
(227, 359, 9, 4),
(228, 354, 9, 5),
(229, 388, 9, 5),
(230, 373, 9, 4),
(231, 370, 9, 4),
(232, 367, 9, 2),
(233, 494, 9, 2),
(234, 525, 8, 3),
(235, 357, 8, 3),
(236, 369, 8, 1),
(237, 364, 8, 1),
(238, 455, 8, 3),
(239, 462, 8, 3),
(240, 485, 3, 1),
(241, 508, 3, 3),
(242, 507, 3, 3),
(243, 506, 3, 5),
(244, 262, 4, 5),
(245, 463, 4, 4),
(246, 260, 4, 5),
(247, 495, 4, 4),
(248, 252, 4, 4),
(249, 492, 4, 5),
(250, 246, 4, 5),
(251, 524, 7, 3),
(252, 524, 7, 3),
(253, 366, 7, 3),
(254, 454, 7, 3),
(255, 473, 6, 2),
(256, 465, 6, 2),
(257, 502, 6, 4),
(258, 496, 6, 4),
(259, 551, 7, 2),
(260, 557, 8, 2),
(261, 554, 8, 2),
(262, 486, 4, 4),
(263, 284, 4, 4),
(264, 555, 4, 5),
(265, 318, 4, 5),
(266, 532, 7, 5),
(267, 530, 7, 5),
(268, 528, 7, 5),
(269, 471, 9, 5),
(270, 491, 9, 5),
(271, 468, 9, 5),
(272, 503, 9, 1),
(273, 526, 9, 1),
(274, 548, 9, 2),
(275, 459, 9, 4),
(276, 456, 9, 5),
(277, 315, 4, 3),
(278, 552, 4, 3),
(279, 308, 4, 3),
(280, 355, 4, 4),
(281, 549, 4, 5),
(282, 352, 4, 4),
(283, 546, 4, 4),
(284, 376, 4, 4),
(285, 561, 4, 5),
(286, 374, 4, 4),
(287, 559, 4, 5),
(288, 371, 4, 5),
(289, 563, 4, 5),
(290, 362, 4, 4),
(291, 460, 4, 4),
(292, 478, 4, 4),
(293, 504, 4, 3),
(294, 521, 4, 5),
(295, 518, 4, 5),
(296, 515, 4, 5),
(297, 285, 5, 4),
(298, 529, 5, 4),
(299, 311, 5, 3),
(300, 533, 5, 4),
(301, 356, 5, 3),
(302, 382, 5, 3),
(303, 368, 5, 5),
(304, 365, 5, 5),
(305, 535, 5, 5),
(306, 534, 7, 5),
(307, 536, 7, 5),
(308, 488, 6, 5),
(309, 556, 6, 5),
(310, 553, 6, 5),
(311, 550, 6, 5),
(312, 547, 6, 5),
(313, 332, 6, 4),
(314, 330, 6, 4),
(315, 324, 6, 4),
(316, 313, 6, 4),
(317, 360, 6, 4),
(318, 386, 6, 4),
(319, 377, 6, 5),
(320, 375, 6, 4),
(321, 372, 6, 4),
(322, 363, 6, 3),
(323, 470, 6, 3),
(324, 467, 6, 1),
(325, 461, 6, 1),
(326, 458, 6, 2),
(327, 479, 6, 3),
(328, 523, 6, 2),
(329, 520, 6, 5),
(330, 517, 6, 5),
(331, 537, 5, 5),
(332, 543, 5, 5),
(333, 545, 5, 5),
(334, 567, 5, 5),
(335, 516, 5, 5),
(336, 519, 5, 5),
(337, 522, 5, 5),
(338, 505, 5, 5),
(339, 457, 5, 5),
(340, 466, 5, 5),
(341, 469, 5, 5),
(342, 575, 7, 5),
(343, 576, 8, 5),
(344, 577, 9, 4),
(345, 572, 4, 4),
(346, 573, 5, 4),
(347, 574, 6, 5),
(348, 569, 1, 5),
(349, 570, 2, 5),
(350, 581, 3, 5),
(351, 582, 4, 4);

-- --------------------------------------------------------

--
-- Table structure for table `used_start`
--

CREATE TABLE `used_start` (
  `start_id` int(11) NOT NULL,
  `start_random` varchar(255) NOT NULL,
  `start_date` datetime NOT NULL,
  `cust_id` int(11) NOT NULL
) ENGINE=InnoDB DEFAULT CHARSET=latin1;

--
-- Dumping data for table `used_start`
--

INSERT INTO `used_start` (`start_id`, `start_random`, `start_date`, `cust_id`) VALUES
(100, 'Q912100', '2018-05-01 08:50:48', 5),
(101, 'Q922101', '2018-05-01 08:51:08', 4),
(102, 'Q909102', '2018-05-01 08:57:10', 4),
(103, 'Q792103', '2018-05-01 08:57:36', 4),
(106, 'Q830106', '2018-05-01 08:58:51', 5),
(107, 'Q474107', '2018-05-01 08:59:56', 5),
(108, 'Q612108', '2018-05-01 09:00:37', 4),
(109, 'Q454109', '2018-05-01 09:16:47', 4),
(110, 'Q865110', '2018-06-03 09:25:48', 5),
(111, 'Q573111', '2018-06-03 09:26:16', 4),
(112, 'Q955112', '2018-06-03 09:26:38', 4),
(113, '', '2018-06-03 09:27:03', 4),
(115, 'Q348115', '2018-06-03 09:27:29', 5),
(116, 'Q796116', '2018-06-03 09:28:17', 4),
(117, 'Q468117', '2018-06-03 09:30:07', 5),
(118, 'Q227118', '2018-06-03 09:33:06', 4),
(119, 'Q196119', '2018-06-03 09:33:37', 5),
(120, 'Q749120', '2018-06-03 09:33:59', 5),
(121, 'Q633121', '2018-06-03 09:34:28', 4),
(122, 'Q970122', '2018-06-03 09:35:06', 4),
(123, 'Q26123', '2018-06-03 09:35:47', 4),
(124, 'Q645124', '2018-06-03 09:36:13', 4),
(125, 'Q868125', '2018-06-03 09:37:06', 4),
(126, 'Q637126', '2018-06-03 09:37:21', 4),
(127, 'Q25127', '2018-06-03 09:37:43', 4),
(128, 'Q408128', '2018-06-03 09:38:19', 5),
(129, 'Q853129', '2018-07-26 23:10:35', 5),
(130, 'Q229130', '2018-07-26 23:11:08', 5),
(131, 'Q356131', '2018-07-26 23:11:35', 4),
(132, 'Q917132', '2018-07-26 23:11:58', 4),
(133, 'Q641133', '2018-07-26 23:12:21', 4),
(134, 'Q604134', '2018-07-26 23:12:54', 5),
(135, 'Q552135', '2018-07-26 23:13:19', 4),
(136, 'Q756136', '2018-07-26 23:13:48', 4),
(137, 'Q189137', '2018-08-23 23:36:43', 4),
(138, 'Q550138', '2018-08-23 23:37:06', 4),
(139, 'Q936139', '2018-08-23 23:37:31', 4),
(140, 'Q695140', '2018-08-23 23:41:48', 4),
(141, 'Q566141', '2018-08-23 23:42:09', 4),
(142, 'Q500142', '2018-08-23 23:42:33', 4),
(143, 'Q516143', '2018-08-23 23:43:08', 4),
(144, 'Q153144', '2018-08-23 23:43:48', 4),
(145, 'Q334145', '2018-08-23 23:44:16', 5),
(146, 'Q914146', '2018-08-23 23:45:11', 4),
(147, '', '2018-08-23 23:45:50', 5),
(149, 'Q115149', '2018-08-23 23:46:50', 4),
(150, 'Q760150', '2018-08-23 23:47:27', 4),
(151, 'Q349151', '2018-08-23 23:47:55', 4),
(152, 'Q999152', '2018-08-23 23:48:12', 5),
(153, 'Q845153', '2018-08-23 23:48:55', 5),
(154, 'Q830154', '2018-08-23 23:49:48', 4),
(155, 'Q469155', '2018-08-23 23:50:17', 5),
(156, 'Q879156', '2018-08-23 23:50:39', 5),
(157, 'Q474157', '2018-09-24 00:18:55', 4),
(158, 'Q136158', '2018-09-24 00:19:15', 4),
(159, 'Q416159', '2018-09-24 00:19:33', 4),
(160, 'Q817160', '2018-09-24 00:20:10', 4),
(161, 'Q415161', '2018-09-24 00:20:34', 4),
(162, 'Q260162', '2018-09-24 00:20:53', 4),
(163, 'Q689163', '2018-09-24 00:21:26', 4),
(164, 'Q301164', '2018-10-24 00:37:03', 4),
(165, 'Q668165', '2018-10-24 00:37:27', 4),
(166, 'Q826166', '2018-10-24 00:38:02', 4),
(167, 'Q424167', '2018-10-24 00:38:24', 4),
(168, 'Q521168', '2018-10-24 00:38:49', 4),
(169, 'Q670169', '2018-10-24 00:39:07', 4),
(170, 'Q685170', '2018-10-24 00:39:24', 4),
(171, 'Q434171', '2018-10-24 00:39:55', 4),
(172, 'Q342172', '2018-10-24 00:40:27', 4),
(173, 'Q745173', '2018-10-24 00:40:50', 4),
(174, 'Q89174', '2018-11-24 00:55:34', 5),
(175, 'Q527175', '2018-11-24 00:55:59', 5),
(176, 'Q441176', '2018-11-24 00:56:27', 5),
(177, 'Q922177', '2018-11-24 00:59:52', 5),
(178, 'Q551178', '2018-11-24 01:00:10', 5),
(179, 'Q596179', '2018-11-24 01:00:42', 5),
(180, 'Q262180', '2018-11-24 01:01:11', 5),
(181, 'Q985181', '2018-11-24 01:01:54', 5),
(182, 'Q842182', '2018-11-24 01:02:17', 5),
(183, 'Q619183', '2018-11-24 01:02:45', 5),
(184, 'Q652184', '2018-11-24 01:03:02', 5),
(185, '', '2018-11-24 01:03:19', 5),
(187, 'Q226187', '2018-11-24 01:03:50', 5),
(188, 'Q589188', '2018-11-24 01:04:07', 5),
(189, '', '2018-11-24 01:04:22', 5),
(191, '', '2018-11-24 01:05:34', 5),
(193, 'Q190193', '2018-11-24 01:06:46', 5),
(194, 'Q261194', '2018-12-24 01:23:06', 5),
(195, 'Q895195', '2018-12-24 01:23:24', 5),
(196, 'Q28196', '2018-12-24 01:23:45', 5),
(197, 'Q666197', '2018-12-24 01:24:31', 5),
(198, 'Q829198', '2018-12-24 01:24:51', 5),
(199, 'Q844199', '2018-12-24 01:25:08', 5),
(200, 'Q42200', '2019-01-10 02:25:37', 5),
(201, 'Q383201', '2019-01-10 02:26:04', 5),
(202, 'Q887202', '2019-01-10 02:26:19', 5),
(203, 'Q781203', '2019-01-10 02:26:36', 5),
(204, 'Q486204', '2019-01-10 02:26:58', 4),
(205, 'Q873205', '2019-01-10 02:27:28', 4),
(206, 'Q169206', '2019-01-10 02:27:45', 4),
(207, 'Q927207', '2019-01-10 02:28:12', 5),
(208, 'Q943208', '2019-01-10 02:28:33', 4),
(209, 'Q612209', '2019-01-10 02:28:53', 4),
(210, 'Q742210', '2019-01-10 02:29:11', 5),
(211, 'Q830211', '2019-01-10 02:29:28', 5),
(212, 'Q398212', '2019-01-10 02:29:42', 5),
(213, 'Q966213', '2019-01-10 02:43:55', 4),
(214, 'Q320214', '2019-02-10 02:47:50', 4),
(215, 'Q747215', '2019-02-10 02:48:22', 4),
(216, 'Q426216', '2019-02-10 02:48:36', 4),
(217, 'Q118217', '2019-02-10 02:49:12', 5),
(218, 'Q205218', '2019-02-10 02:49:32', 5),
(219, 'Q11219', '2019-02-10 02:50:00', 5),
(220, 'Q121220', '2019-02-10 02:50:18', 5),
(221, 'Q735221', '2019-02-10 02:50:35', 5),
(222, 'Q973222', '2019-02-10 02:51:04', 5),
(223, 'Q678223', '2019-02-10 03:01:19', 4),
(224, 'Q505224', '2019-02-10 03:02:53', 4),
(225, 'Q464225', '2019-02-10 03:03:13', 4),
(226, 'Q48226', '2019-02-10 03:03:47', 4),
(227, 'Q336227', '2019-03-10 03:07:36', 5),
(228, 'Q533228', '2019-03-10 03:07:57', 5),
(229, 'Q606229', '2019-03-10 03:08:15', 4),
(230, 'Q185230', '2019-03-10 03:08:32', 4),
(231, 'Q123231', '2019-03-10 03:08:48', 4),
(232, 'Q469232', '2019-03-10 03:09:08', 5),
(233, 'Q319233', '2019-04-10 03:21:31', 5),
(234, 'Q720234', '2019-04-10 03:21:49', 5),
(235, 'Q497235', '2019-04-10 03:22:04', 5),
(236, 'Q735236', '2019-04-10 03:22:43', 5),
(237, 'Q216237', '2019-04-10 03:23:13', 5),
(238, 'Q747238', '2019-04-10 03:23:46', 5),
(239, '', '2019-04-10 03:24:08', 5),
(241, 'Q193241', '2019-04-10 03:24:56', 5),
(242, 'Q278242', '2019-04-10 03:25:14', 5),
(243, 'Q603243', '2019-04-10 03:25:35', 5),
(244, 'Q144244', '2019-04-10 03:25:54', 5),
(245, 'Q237245', '2019-04-10 03:26:35', 5),
(246, 'Q801246', '2019-04-10 03:27:07', 5),
(247, 'Q590247', '2019-04-10 03:27:29', 5),
(248, 'Q500248', '2019-04-10 03:27:44', 5),
(249, 'Q345249', '2019-04-10 03:28:02', 5),
(250, 'Q52250', '2019-04-10 03:28:19', 5),
(251, 'Q840251', '2019-04-10 03:28:33', 5),
(252, 'Q458252', '2019-04-10 03:44:29', 5),
(253, 'Q797253', '2019-05-27 11:27:10', 5),
(254, 'Q624254', '2019-05-28 06:57:52', 10),
(255, 'Q491255', '2019-05-28 06:58:16', 10),
(256, 'Q335256', '2019-05-28 07:00:42', 10),
(257, 'Q545257', '2019-05-28 07:05:26', 10),
(258, 'Q510258', '2019-05-28 07:31:45', 10),
(259, 'Q273259', '2019-05-28 12:56:29', 11);

-- --------------------------------------------------------

--
-- Table structure for table `user_customer`
--

CREATE TABLE `user_customer` (
  `cust_id` int(11) NOT NULL,
  `cust_ic` varchar(255) NOT NULL,
  `cust_name` varchar(255) NOT NULL,
  `cust_email` varchar(255) NOT NULL,
  `cust_password` varchar(255) NOT NULL,
  `cust_contact` varchar(255) NOT NULL,
  `cust_gender` varchar(11) DEFAULT NULL,
  `cust_age` int(11) DEFAULT NULL,
  `cust_address` varchar(255) DEFAULT NULL,
  `cust_register` datetime NOT NULL,
  `staff_id` int(11) DEFAULT NULL
) ENGINE=InnoDB DEFAULT CHARSET=latin1;

--
-- Dumping data for table `user_customer`
--

INSERT INTO `user_customer` (`cust_id`, `cust_ic`, `cust_name`, `cust_email`, `cust_password`, `cust_contact`, `cust_gender`, `cust_age`, `cust_address`, `cust_register`, `staff_id`) VALUES
(4, '123456789001', 'Muhammad Nizam Bin Muhammad Muzaffar', 'nizammuzaffar20@gmail.com', '670b14728ad9902aecba32e22fa4f6bd', '0194729764', NULL, NULL, '114, Taman Brsepadu, Jalan Hang Tuah Jaya, 76100 Durian Tunggal, Melaka', '2018-05-01 00:00:00', 3),
(5, '123456789002', 'Muhammad Amalis Bin Abu Bakar', 'amalisabu40@gmail.com', '670b14728ad9902aecba32e22fa4f6bd', '0194729452', NULL, NULL, '17, Taman Arif Jaya, Jalan Senibung, Lumut, Perak', '2018-05-01 08:12:00', 3),
(8, '123456789003', 'Syafiq Azizan', 'syafiqazizan65@gmail.com', '670b14728ad9902aecba32e22fa4f6bd', '0134005050', NULL, NULL, NULL, '2018-05-01 08:25:00', NULL),
(10, '961117025955', 'Sarip Doll', 'saripdoll60@gmail.com', '670b14728ad9902aecba32e22fa4f6bd', '01135150835', NULL, NULL, NULL, '2019-05-28 06:55:00', NULL),
(11, '961117025977', 'Syafiq Azizan', 'syafiqazizan85@gmail.com', '670b14728ad9902aecba32e22fa4f6bd', '01135150835', 'Male', 23, 'KEDAH', '2019-05-28 12:38:00', NULL);

-- --------------------------------------------------------

--
-- Table structure for table `user_manager`
--

CREATE TABLE `user_manager` (
  `manager_id` int(11) NOT NULL,
  `manager_full` varchar(255) NOT NULL,
  `manager_email` varchar(255) NOT NULL,
  `manager_password` varchar(255) NOT NULL,
  `manager_phone` varchar(255) NOT NULL,
  `manager_address` varchar(255) DEFAULT NULL
) ENGINE=InnoDB DEFAULT CHARSET=latin1;

--
-- Dumping data for table `user_manager`
--

INSERT INTO `user_manager` (`manager_id`, `manager_full`, `manager_email`, `manager_password`, `manager_phone`, `manager_address`) VALUES
(1, 'Mohd Syafiq Bin Azizan', 'manager@gmail.com', 'e10adc3949ba59abbe56e057f20f883e', '01135150835', 'KEDAH');

-- --------------------------------------------------------

--
-- Table structure for table `user_staff`
--

CREATE TABLE `user_staff` (
  `staff_id` int(11) NOT NULL,
  `staff_full` varchar(255) NOT NULL,
  `staff_email` varchar(255) NOT NULL,
  `staff_password` varchar(255) NOT NULL,
  `staff_phone` varchar(255) NOT NULL,
  `staff_address` varchar(255) NOT NULL,
  `staff_register` datetime NOT NULL,
  `staff_status` int(11) NOT NULL,
  `manager_id` int(11) NOT NULL
) ENGINE=InnoDB DEFAULT CHARSET=latin1;

--
-- Dumping data for table `user_staff`
--

INSERT INTO `user_staff` (`staff_id`, `staff_full`, `staff_email`, `staff_password`, `staff_phone`, `staff_address`, `staff_register`, `staff_status`, `manager_id`) VALUES
(3, 'Muhammad Syamsul Amri Bin Jamuldin', 'syamsulamri20@gmail.com', 'e10adc3949ba59abbe56e057f20f883e', '0123370912', 'SELANGOR', '2018-05-01 07:55:00', 0, 1),
(4, 'Muhammad Ehsan Bin Aziz', 'ehsanaziz40@gmail.com', 'e10adc3949ba59abbe56e057f20f883e', '0197272594', 'PERAK', '2018-05-01 07:57:00', 0, 1);

--
-- Indexes for dumped tables
--

--
-- Indexes for table `chat_message`
--
ALTER TABLE `chat_message`
  ADD PRIMARY KEY (`chat_message_id`),
  ADD KEY `to_user_id` (`to_user_id`),
  ADD KEY `from_user_id` (`from_user_id`);

--
-- Indexes for table `damage_category`
--
ALTER TABLE `damage_category`
  ADD PRIMARY KEY (`dam_cat_id`),
  ADD KEY `fac_id` (`fac_id`);

--
-- Indexes for table `damage_electric`
--
ALTER TABLE `damage_electric`
  ADD PRIMARY KEY (`dam_elc_id`),
  ADD KEY `new_id` (`new_id`);

--
-- Indexes for table `damage_kayak`
--
ALTER TABLE `damage_kayak`
  ADD PRIMARY KEY (`dam_kyk_id`),
  ADD KEY `new_id` (`new_id`);

--
-- Indexes for table `damage_paddle`
--
ALTER TABLE `damage_paddle`
  ADD PRIMARY KEY (`dam_pad_id`),
  ADD KEY `new_id` (`new_id`);

--
-- Indexes for table `facility_category`
--
ALTER TABLE `facility_category`
  ADD PRIMARY KEY (`fac_id`),
  ADD KEY `manager_id` (`manager_id`);

--
-- Indexes for table `facility_new`
--
ALTER TABLE `facility_new`
  ADD PRIMARY KEY (`new_id`),
  ADD KEY `fac_id` (`fac_id`);

--
-- Indexes for table `login_details`
--
ALTER TABLE `login_details`
  ADD PRIMARY KEY (`login_details_id`),
  ADD KEY `staff_id` (`staff_id`);

--
-- Indexes for table `used_finish`
--
ALTER TABLE `used_finish`
  ADD PRIMARY KEY (`finish_id`),
  ADD KEY `cust_id` (`cust_id`);

--
-- Indexes for table `used_list`
--
ALTER TABLE `used_list`
  ADD PRIMARY KEY (`list_id`),
  ADD KEY `fac_id` (`fac_id`),
  ADD KEY `start_id` (`start_id`),
  ADD KEY `finish_id` (`finish_id`);

--
-- Indexes for table `used_rating`
--
ALTER TABLE `used_rating`
  ADD PRIMARY KEY (`rating_id`),
  ADD KEY `list_id` (`list_id`),
  ADD KEY `fac_id` (`fac_id`);

--
-- Indexes for table `used_start`
--
ALTER TABLE `used_start`
  ADD PRIMARY KEY (`start_id`),
  ADD KEY `cust_id` (`cust_id`);

--
-- Indexes for table `user_customer`
--
ALTER TABLE `user_customer`
  ADD PRIMARY KEY (`cust_id`),
  ADD KEY `staff_id` (`staff_id`);

--
-- Indexes for table `user_manager`
--
ALTER TABLE `user_manager`
  ADD PRIMARY KEY (`manager_id`);

--
-- Indexes for table `user_staff`
--
ALTER TABLE `user_staff`
  ADD PRIMARY KEY (`staff_id`),
  ADD KEY `manager_id` (`manager_id`);

--
-- AUTO_INCREMENT for dumped tables
--

--
-- AUTO_INCREMENT for table `chat_message`
--
ALTER TABLE `chat_message`
  MODIFY `chat_message_id` int(11) NOT NULL AUTO_INCREMENT, AUTO_INCREMENT=6;

--
-- AUTO_INCREMENT for table `damage_category`
--
ALTER TABLE `damage_category`
  MODIFY `dam_cat_id` int(11) NOT NULL AUTO_INCREMENT, AUTO_INCREMENT=57;

--
-- AUTO_INCREMENT for table `damage_electric`
--
ALTER TABLE `damage_electric`
  MODIFY `dam_elc_id` int(11) NOT NULL AUTO_INCREMENT, AUTO_INCREMENT=14;

--
-- AUTO_INCREMENT for table `damage_kayak`
--
ALTER TABLE `damage_kayak`
  MODIFY `dam_kyk_id` int(11) NOT NULL AUTO_INCREMENT, AUTO_INCREMENT=18;

--
-- AUTO_INCREMENT for table `damage_paddle`
--
ALTER TABLE `damage_paddle`
  MODIFY `dam_pad_id` int(11) NOT NULL AUTO_INCREMENT, AUTO_INCREMENT=17;

--
-- AUTO_INCREMENT for table `facility_category`
--
ALTER TABLE `facility_category`
  MODIFY `fac_id` int(11) NOT NULL AUTO_INCREMENT, AUTO_INCREMENT=10;

--
-- AUTO_INCREMENT for table `facility_new`
--
ALTER TABLE `facility_new`
  MODIFY `new_id` int(11) NOT NULL AUTO_INCREMENT, AUTO_INCREMENT=18;

--
-- AUTO_INCREMENT for table `login_details`
--
ALTER TABLE `login_details`
  MODIFY `login_details_id` int(11) NOT NULL AUTO_INCREMENT, AUTO_INCREMENT=5;

--
-- AUTO_INCREMENT for table `used_finish`
--
ALTER TABLE `used_finish`
  MODIFY `finish_id` int(11) NOT NULL AUTO_INCREMENT, AUTO_INCREMENT=463;

--
-- AUTO_INCREMENT for table `used_list`
--
ALTER TABLE `used_list`
  MODIFY `list_id` int(11) NOT NULL AUTO_INCREMENT, AUTO_INCREMENT=583;

--
-- AUTO_INCREMENT for table `used_rating`
--
ALTER TABLE `used_rating`
  MODIFY `rating_id` int(11) NOT NULL AUTO_INCREMENT, AUTO_INCREMENT=352;

--
-- AUTO_INCREMENT for table `used_start`
--
ALTER TABLE `used_start`
  MODIFY `start_id` int(11) NOT NULL AUTO_INCREMENT, AUTO_INCREMENT=260;

--
-- AUTO_INCREMENT for table `user_customer`
--
ALTER TABLE `user_customer`
  MODIFY `cust_id` int(11) NOT NULL AUTO_INCREMENT, AUTO_INCREMENT=12;

--
-- AUTO_INCREMENT for table `user_manager`
--
ALTER TABLE `user_manager`
  MODIFY `manager_id` int(11) NOT NULL AUTO_INCREMENT, AUTO_INCREMENT=2;

--
-- AUTO_INCREMENT for table `user_staff`
--
ALTER TABLE `user_staff`
  MODIFY `staff_id` int(11) NOT NULL AUTO_INCREMENT, AUTO_INCREMENT=5;

--
-- Constraints for dumped tables
--

--
-- Constraints for table `chat_message`
--
ALTER TABLE `chat_message`
  ADD CONSTRAINT `chat_message_ibfk_1` FOREIGN KEY (`to_user_id`) REFERENCES `user_staff` (`staff_id`),
  ADD CONSTRAINT `chat_message_ibfk_2` FOREIGN KEY (`from_user_id`) REFERENCES `user_staff` (`staff_id`);

--
-- Constraints for table `damage_category`
--
ALTER TABLE `damage_category`
  ADD CONSTRAINT `damage_category_ibfk_1` FOREIGN KEY (`fac_id`) REFERENCES `facility_category` (`fac_id`);

--
-- Constraints for table `damage_electric`
--
ALTER TABLE `damage_electric`
  ADD CONSTRAINT `damage_electric_ibfk_1` FOREIGN KEY (`new_id`) REFERENCES `facility_new` (`new_id`);

--
-- Constraints for table `damage_kayak`
--
ALTER TABLE `damage_kayak`
  ADD CONSTRAINT `damage_kayak_ibfk_1` FOREIGN KEY (`new_id`) REFERENCES `facility_new` (`new_id`);

--
-- Constraints for table `damage_paddle`
--
ALTER TABLE `damage_paddle`
  ADD CONSTRAINT `damage_paddle_ibfk_1` FOREIGN KEY (`new_id`) REFERENCES `facility_new` (`new_id`);

--
-- Constraints for table `facility_category`
--
ALTER TABLE `facility_category`
  ADD CONSTRAINT `facility_category_ibfk_1` FOREIGN KEY (`manager_id`) REFERENCES `user_manager` (`manager_id`);

--
-- Constraints for table `facility_new`
--
ALTER TABLE `facility_new`
  ADD CONSTRAINT `facility_new_ibfk_1` FOREIGN KEY (`fac_id`) REFERENCES `facility_category` (`fac_id`);

--
-- Constraints for table `login_details`
--
ALTER TABLE `login_details`
  ADD CONSTRAINT `login_details_ibfk_1` FOREIGN KEY (`staff_id`) REFERENCES `user_staff` (`staff_id`);

--
-- Constraints for table `used_finish`
--
ALTER TABLE `used_finish`
  ADD CONSTRAINT `used_finish_ibfk_1` FOREIGN KEY (`cust_id`) REFERENCES `user_customer` (`cust_id`);

--
-- Constraints for table `used_list`
--
ALTER TABLE `used_list`
  ADD CONSTRAINT `used_list_ibfk_1` FOREIGN KEY (`fac_id`) REFERENCES `facility_category` (`fac_id`),
  ADD CONSTRAINT `used_list_ibfk_2` FOREIGN KEY (`start_id`) REFERENCES `used_start` (`start_id`),
  ADD CONSTRAINT `used_list_ibfk_3` FOREIGN KEY (`finish_id`) REFERENCES `used_finish` (`finish_id`);

--
-- Constraints for table `used_rating`
--
ALTER TABLE `used_rating`
  ADD CONSTRAINT `used_rating_ibfk_1` FOREIGN KEY (`list_id`) REFERENCES `used_list` (`list_id`),
  ADD CONSTRAINT `used_rating_ibfk_2` FOREIGN KEY (`fac_id`) REFERENCES `facility_category` (`fac_id`);

--
-- Constraints for table `used_start`
--
ALTER TABLE `used_start`
  ADD CONSTRAINT `used_start_ibfk_1` FOREIGN KEY (`cust_id`) REFERENCES `user_customer` (`cust_id`);

--
-- Constraints for table `user_customer`
--
ALTER TABLE `user_customer`
  ADD CONSTRAINT `user_customer_ibfk_1` FOREIGN KEY (`staff_id`) REFERENCES `user_staff` (`staff_id`);

--
-- Constraints for table `user_staff`
--
ALTER TABLE `user_staff`
  ADD CONSTRAINT `user_staff_ibfk_1` FOREIGN KEY (`manager_id`) REFERENCES `user_manager` (`manager_id`);
COMMIT;

/*!40101 SET CHARACTER_SET_CLIENT=@OLD_CHARACTER_SET_CLIENT */;
/*!40101 SET CHARACTER_SET_RESULTS=@OLD_CHARACTER_SET_RESULTS */;
/*!40101 SET COLLATION_CONNECTION=@OLD_COLLATION_CONNECTION */;
